DEBUG:urllib3.connectionpool:Starting new HTTPS connection (1): spotisaver.net:443
DEBUG:urllib3.connectionpool:https://spotisaver.net:443 "GET /api/get_playlist.php?id=4XEnSf75NmJPBX1lTmMiv0&type=playlist&lang=en HTTP/1.1" 200 None
DEBUG:urllib3.connectionpool:Starting new HTTPS connection (1): spotisaver.net:443
DEBUG:urllib3.connectionpool:https://spotisaver.net:443 "GET /api/get_playlist.php?id=https&type=playlist&lang=en HTTP/1.1" 400 None
DEBUG:urllib3.connectionpool:Starting new HTTPS connection (1): spotisaver.net:443
DEBUG:urllib3.connectionpool:https://spotisaver.net:443 "GET /api/get_playlist.php?id=28a3p0Qb08VewDYPbTC8SF&type=playlist&lang=en HTTP/1.1" 200 None
DEBUG:urllib3.connectionpool:Starting new HTTPS connection (1): spotisaver.net:443
DEBUG:urllib3.connectionpool:https://spotisaver.net:443 "GET /api/get_playlist.php?id=28a3p0Qb08VewDYPbTC8SF&type=playlist&lang=en HTTP/1.1" 200 None
DEBUG:urllib3.connectionpool:Starting new HTTPS connection (1): spotisaver.net:443
DEBUG:urllib3.connectionpool:https://spotisaver.net:443 "GET /api/get_playlist.php?id=28a3p0Qb08VewDYPbTC8SF&type=playlist&lang=en HTTP/1.1" 200 None
INFO:__main__:Extracted : SEWAGE | ['Kaito Shoma'] | SEWAGE
INFO:__main__:Starting yt-dlp on : SEWAGE Kaito Shoma
INFO:__main__:Extracted : Knife | ['ZillaKami'] | Knife
INFO:__main__:Starting yt-dlp on : Knife ZillaKami
DEBUG:urllib3.connectionpool:Starting new HTTPS connection (1): spotisaver.net:443
DEBUG:urllib3.connectionpool:https://spotisaver.net:443 "GET /api/get_playlist.php?id=28a3p0Qb08VewDYPbTC8SF&type=playlist&lang=en HTTP/1.1" 200 None
INFO:__main__:Extracted : SEWAGE | ['Kaito Shoma'] | SEWAGE
INFO:__main__:Starting yt-dlp on : SEWAGE Kaito Shoma
INFO:__main__:Extracted : Knife | ['ZillaKami'] | Knife
INFO:__main__:Starting yt-dlp on : Knife ZillaKami
DEBUG:urllib3.connectionpool:Starting new HTTPS connection (1): spotisaver.net:443
DEBUG:urllib3.connectionpool:https://spotisaver.net:443 "GET /api/get_playlist.php?id=28a3p0Qb08VewDYPbTC8SF&type=playlist&lang=en HTTP/1.1" 200 None
INFO:__main__:Extracted : SEWAGE | ['Kaito Shoma'] | SEWAGE
INFO:__main__:Starting yt-dlp on : SEWAGE Kaito Shoma
DEBUG:eyed3.core:Loading file: C:\Users\vboxuser\Music\SEWAGE - Kaito Shoma.mp3
DEBUG:eyed3.core:File mime-type: audio/mpeg
DEBUG:eyed3.id3.headers:Located ID3 v2 tag
DEBUG:eyed3.id3.headers:TagHeader [major]: 2 
DEBUG:eyed3.id3.headers:TagHeader [minor]: 4 
DEBUG:eyed3.id3.headers:TagHeader [rev]: 0 
DEBUG:eyed3.id3.headers:TagHeader [flags]: unsync(0) extended(0) experimental(0) footer(0)
DEBUG:eyed3.id3.headers:TagHeader [size string]: 0x0000007f
DEBUG:eyed3.id3.headers:TagHeader [size]: 127 (0x7f)
DEBUG:eyed3.id3.frames:size_left: 127
DEBUG:eyed3.id3.frames:+++++++++++++++++++++++++++++++++++++++++++++++++
DEBUG:eyed3.id3.frames:FrameSet: Reading Frame #1
DEBUG:eyed3.id3.headers:FrameHeader [start byte]: 10 (0xA)
DEBUG:eyed3.id3.headers:FrameHeader [id]: b'TXXX' (0x54585858)
DEBUG:eyed3.id3.headers:FrameHeader [data size]: 18 (0x12)
DEBUG:eyed3.id3.headers:FrameHeader [flags]: ta(0) fa(0) ro(0) co(0) en(0) gr(0) un(0) dl(0)
DEBUG:eyed3.id3.frames:FrameSet: Reading 18 (0x12) bytes of data from byte pos 20 (0x14)
DEBUG:eyed3.id3.frames:FrameSet: 18 bytes of data read
DEBUG:eyed3.id3.frames:createFrame (desc:User defined text information frame) - (2, None, None) - <class 'eyed3.id3.frames.UserTextFrame'>
DEBUG:eyed3.id3.frames:createFrame 'b'TXXX'' with class '<class 'eyed3.id3.frames.UserTextFrame'>'
DEBUG:eyed3.id3.frames:Unicode encoding: utf_8
DEBUG:eyed3.id3.frames:UserTextFrame description: major_brand
DEBUG:eyed3.id3.frames:Unicode encoding: utf_8
DEBUG:eyed3.id3.frames:UserTextFrame text: mp42
DEBUG:eyed3.id3.frames:size_left: 99
DEBUG:eyed3.id3.frames:+++++++++++++++++++++++++++++++++++++++++++++++++
DEBUG:eyed3.id3.frames:FrameSet: Reading Frame #2
DEBUG:eyed3.id3.headers:FrameHeader [start byte]: 38 (0x26)
DEBUG:eyed3.id3.headers:FrameHeader [id]: b'TXXX' (0x54585858)
DEBUG:eyed3.id3.headers:FrameHeader [data size]: 17 (0x11)
DEBUG:eyed3.id3.headers:FrameHeader [flags]: ta(0) fa(0) ro(0) co(0) en(0) gr(0) un(0) dl(0)
DEBUG:eyed3.id3.frames:FrameSet: Reading 17 (0x11) bytes of data from byte pos 48 (0x30)
DEBUG:eyed3.id3.frames:FrameSet: 17 bytes of data read
DEBUG:eyed3.id3.frames:createFrame (desc:User defined text information frame) - (2, None, None) - <class 'eyed3.id3.frames.UserTextFrame'>
DEBUG:eyed3.id3.frames:createFrame 'b'TXXX'' with class '<class 'eyed3.id3.frames.UserTextFrame'>'
DEBUG:eyed3.id3.frames:Unicode encoding: utf_8
DEBUG:eyed3.id3.frames:UserTextFrame description: minor_version
DEBUG:eyed3.id3.frames:Unicode encoding: utf_8
DEBUG:eyed3.id3.frames:UserTextFrame text: 0
DEBUG:eyed3.id3.frames:size_left: 72
DEBUG:eyed3.id3.frames:+++++++++++++++++++++++++++++++++++++++++++++++++
DEBUG:eyed3.id3.frames:FrameSet: Reading Frame #3
DEBUG:eyed3.id3.headers:FrameHeader [start byte]: 65 (0x41)
DEBUG:eyed3.id3.headers:FrameHeader [id]: b'TXXX' (0x54585858)
DEBUG:eyed3.id3.headers:FrameHeader [data size]: 28 (0x1C)
DEBUG:eyed3.id3.headers:FrameHeader [flags]: ta(0) fa(0) ro(0) co(0) en(0) gr(0) un(0) dl(0)
DEBUG:eyed3.id3.frames:FrameSet: Reading 28 (0x1C) bytes of data from byte pos 75 (0x4B)
DEBUG:eyed3.id3.frames:FrameSet: 28 bytes of data read
DEBUG:eyed3.id3.frames:createFrame (desc:User defined text information frame) - (2, None, None) - <class 'eyed3.id3.frames.UserTextFrame'>
DEBUG:eyed3.id3.frames:createFrame 'b'TXXX'' with class '<class 'eyed3.id3.frames.UserTextFrame'>'
DEBUG:eyed3.id3.frames:Unicode encoding: utf_8
DEBUG:eyed3.id3.frames:UserTextFrame description: compatible_brands
DEBUG:eyed3.id3.frames:Unicode encoding: utf_8
DEBUG:eyed3.id3.frames:UserTextFrame text: isommp42
DEBUG:eyed3.id3.frames:size_left: 34
DEBUG:eyed3.id3.frames:+++++++++++++++++++++++++++++++++++++++++++++++++
DEBUG:eyed3.id3.frames:FrameSet: Reading Frame #4
DEBUG:eyed3.id3.headers:FrameHeader [start byte]: 103 (0x67)
DEBUG:eyed3.id3.headers:FrameHeader [id]: b'TSSE' (0x54535345)
DEBUG:eyed3.id3.headers:FrameHeader [data size]: 14 (0xE)
DEBUG:eyed3.id3.headers:FrameHeader [flags]: ta(0) fa(0) ro(0) co(0) en(0) gr(0) un(0) dl(0)
DEBUG:eyed3.id3.frames:FrameSet: Reading 14 (0xE) bytes of data from byte pos 113 (0x71)
DEBUG:eyed3.id3.frames:FrameSet: 14 bytes of data read
DEBUG:eyed3.id3.frames:createFrame (desc:Software/Hardware and settings used for encoding) - (2, None, None) - <class 'eyed3.id3.frames.TextFrame'>
DEBUG:eyed3.id3.frames:createFrame 'b'TSSE'' with class '<class 'eyed3.id3.frames.TextFrame'>'
DEBUG:eyed3.id3.frames:Unicode encoding: utf_8
DEBUG:eyed3.id3.frames:TextFrame text: Lavf62.3.100
DEBUG:eyed3.id3.frames:size_left: 10
DEBUG:eyed3.id3.frames:FrameSet: Implied padding (size_left<minFrameSize)
DEBUG:eyed3.id3.tag:Tag contains 10 bytes of padding.
DEBUG:eyed3.mp3:mp3 header search starting @ 89
DEBUG:eyed3.mp3.headers:MPEG audio version: 1.0
DEBUG:eyed3.mp3.headers:MPEG audio layer: III
DEBUG:eyed3.mp3.headers:MPEG sampling frequency: 44100
DEBUG:eyed3.mp3.headers:MPEG bit rate: 320
DEBUG:eyed3.mp3.headers:MPEG channel mode: Stereo
DEBUG:eyed3.mp3.headers:MPEG channel mode extension: 0
DEBUG:eyed3.mp3.headers:MPEG CRC error protection: False
DEBUG:eyed3.mp3.headers:MPEG original: 0
DEBUG:eyed3.mp3.headers:MPEG copyright: 0
DEBUG:eyed3.mp3.headers:MPEG private bit: 0
DEBUG:eyed3.mp3.headers:MPEG padding: 0
DEBUG:eyed3.mp3.headers:MPEG emphasis: None
DEBUG:eyed3.mp3.headers:MPEG frame length: 1044
DEBUG:eyed3.mp3:mp3 header fffbe000 found at position: 0x89
DEBUG:eyed3.mp3.headers:b'Info' header detected @ 24
DEBUG:eyed3.mp3.headers:b'Info' header flags: 0xf
DEBUG:eyed3.mp3.headers:b'Info' numFrames: 4573
DEBUG:eyed3.mp3.headers:b'Info' numBytes: 4779362
DEBUG:eyed3.mp3.headers:b'Info' TOC (100 bytes): PRESENT
DEBUG:eyed3.id3.tag:Rendering tag version: v2.4
DEBUG:eyed3.id3.headers:Located ID3 v2 tag
DEBUG:eyed3.id3.headers:TagHeader [major]: 2 
DEBUG:eyed3.id3.headers:TagHeader [minor]: 4 
DEBUG:eyed3.id3.headers:TagHeader [rev]: 0 
DEBUG:eyed3.id3.headers:TagHeader [flags]: unsync(0) extended(0) experimental(0) footer(0)
DEBUG:eyed3.id3.headers:TagHeader [size string]: 0x0000007f
DEBUG:eyed3.id3.headers:TagHeader [size]: 127 (0x7f)
DEBUG:eyed3.id3.frames:size_left: 127
DEBUG:eyed3.id3.frames:+++++++++++++++++++++++++++++++++++++++++++++++++
DEBUG:eyed3.id3.frames:FrameSet: Reading Frame #1
DEBUG:eyed3.id3.headers:FrameHeader [start byte]: 10 (0xA)
DEBUG:eyed3.id3.headers:FrameHeader [id]: b'TXXX' (0x54585858)
DEBUG:eyed3.id3.headers:FrameHeader [data size]: 18 (0x12)
DEBUG:eyed3.id3.headers:FrameHeader [flags]: ta(0) fa(0) ro(0) co(0) en(0) gr(0) un(0) dl(0)
DEBUG:eyed3.id3.frames:FrameSet: Reading 18 (0x12) bytes of data from byte pos 20 (0x14)
DEBUG:eyed3.id3.frames:FrameSet: 18 bytes of data read
DEBUG:eyed3.id3.frames:createFrame (desc:User defined text information frame) - (2, None, None) - <class 'eyed3.id3.frames.UserTextFrame'>
DEBUG:eyed3.id3.frames:createFrame 'b'TXXX'' with class '<class 'eyed3.id3.frames.UserTextFrame'>'
DEBUG:eyed3.id3.frames:Unicode encoding: utf_8
DEBUG:eyed3.id3.frames:UserTextFrame description: major_brand
DEBUG:eyed3.id3.frames:Unicode encoding: utf_8
DEBUG:eyed3.id3.frames:UserTextFrame text: mp42
DEBUG:eyed3.id3.frames:size_left: 99
DEBUG:eyed3.id3.frames:+++++++++++++++++++++++++++++++++++++++++++++++++
DEBUG:eyed3.id3.frames:FrameSet: Reading Frame #2
DEBUG:eyed3.id3.headers:FrameHeader [start byte]: 38 (0x26)
DEBUG:eyed3.id3.headers:FrameHeader [id]: b'TXXX' (0x54585858)
DEBUG:eyed3.id3.headers:FrameHeader [data size]: 17 (0x11)
DEBUG:eyed3.id3.headers:FrameHeader [flags]: ta(0) fa(0) ro(0) co(0) en(0) gr(0) un(0) dl(0)
DEBUG:eyed3.id3.frames:FrameSet: Reading 17 (0x11) bytes of data from byte pos 48 (0x30)
DEBUG:eyed3.id3.frames:FrameSet: 17 bytes of data read
DEBUG:eyed3.id3.frames:createFrame (desc:User defined text information frame) - (2, None, None) - <class 'eyed3.id3.frames.UserTextFrame'>
DEBUG:eyed3.id3.frames:createFrame 'b'TXXX'' with class '<class 'eyed3.id3.frames.UserTextFrame'>'
DEBUG:eyed3.id3.frames:Unicode encoding: utf_8
DEBUG:eyed3.id3.frames:UserTextFrame description: minor_version
DEBUG:eyed3.id3.frames:Unicode encoding: utf_8
DEBUG:eyed3.id3.frames:UserTextFrame text: 0
DEBUG:eyed3.id3.frames:size_left: 72
DEBUG:eyed3.id3.frames:+++++++++++++++++++++++++++++++++++++++++++++++++
DEBUG:eyed3.id3.frames:FrameSet: Reading Frame #3
DEBUG:eyed3.id3.headers:FrameHeader [start byte]: 65 (0x41)
DEBUG:eyed3.id3.headers:FrameHeader [id]: b'TXXX' (0x54585858)
DEBUG:eyed3.id3.headers:FrameHeader [data size]: 28 (0x1C)
DEBUG:eyed3.id3.headers:FrameHeader [flags]: ta(0) fa(0) ro(0) co(0) en(0) gr(0) un(0) dl(0)
DEBUG:eyed3.id3.frames:FrameSet: Reading 28 (0x1C) bytes of data from byte pos 75 (0x4B)
DEBUG:eyed3.id3.frames:FrameSet: 28 bytes of data read
DEBUG:eyed3.id3.frames:createFrame (desc:User defined text information frame) - (2, None, None) - <class 'eyed3.id3.frames.UserTextFrame'>
DEBUG:eyed3.id3.frames:createFrame 'b'TXXX'' with class '<class 'eyed3.id3.frames.UserTextFrame'>'
DEBUG:eyed3.id3.frames:Unicode encoding: utf_8
DEBUG:eyed3.id3.frames:UserTextFrame description: compatible_brands
DEBUG:eyed3.id3.frames:Unicode encoding: utf_8
DEBUG:eyed3.id3.frames:UserTextFrame text: isommp42
DEBUG:eyed3.id3.frames:size_left: 34
DEBUG:eyed3.id3.frames:+++++++++++++++++++++++++++++++++++++++++++++++++
DEBUG:eyed3.id3.frames:FrameSet: Reading Frame #4
DEBUG:eyed3.id3.headers:FrameHeader [start byte]: 103 (0x67)
DEBUG:eyed3.id3.headers:FrameHeader [id]: b'TSSE' (0x54535345)
DEBUG:eyed3.id3.headers:FrameHeader [data size]: 14 (0xE)
DEBUG:eyed3.id3.headers:FrameHeader [flags]: ta(0) fa(0) ro(0) co(0) en(0) gr(0) un(0) dl(0)
DEBUG:eyed3.id3.frames:FrameSet: Reading 14 (0xE) bytes of data from byte pos 113 (0x71)
DEBUG:eyed3.id3.frames:FrameSet: 14 bytes of data read
DEBUG:eyed3.id3.frames:createFrame (desc:Software/Hardware and settings used for encoding) - (2, None, None) - <class 'eyed3.id3.frames.TextFrame'>
DEBUG:eyed3.id3.frames:createFrame 'b'TSSE'' with class '<class 'eyed3.id3.frames.TextFrame'>'
DEBUG:eyed3.id3.frames:Unicode encoding: utf_8
DEBUG:eyed3.id3.frames:TextFrame text: Lavf62.3.100
DEBUG:eyed3.id3.frames:size_left: 10
DEBUG:eyed3.id3.frames:FrameSet: Implied padding (size_left<minFrameSize)
DEBUG:eyed3.id3.tag:Tag contains 10 bytes of padding.
DEBUG:eyed3.id3.tag:Found current v2.x tag:
DEBUG:eyed3.id3.tag:Current tag size: 137
DEBUG:eyed3.id3.tag:Rendering frame: b'APIC'
DEBUG:eyed3.id3.frames:_initEncoding: was=None now=b'\x03'
DEBUG:eyed3.id3.tag:Rendered 75567 bytes
DEBUG:eyed3.id3.tag:Rendering frame: b'TALB'
DEBUG:eyed3.id3.frames:_initEncoding: was=None now=b'\x03'
DEBUG:eyed3.id3.tag:Rendered 17 bytes
DEBUG:eyed3.id3.tag:Rendering frame: b'TIT2'
DEBUG:eyed3.id3.frames:_initEncoding: was=None now=b'\x03'
DEBUG:eyed3.id3.tag:Rendered 17 bytes
DEBUG:eyed3.id3.tag:Rendering frame: b'TPE1'
DEBUG:eyed3.id3.frames:_initEncoding: was=None now=b'\x03'
DEBUG:eyed3.id3.tag:Rendered 22 bytes
DEBUG:eyed3.id3.tag:Rendering frame: b'TSSE'
DEBUG:eyed3.id3.frames:_initEncoding: was=b'\x03' now=b'\x03'
DEBUG:eyed3.id3.tag:Rendered 23 bytes
DEBUG:eyed3.id3.tag:Rendering frame: b'TXXX'
DEBUG:eyed3.id3.frames:_initEncoding: was=b'\x03' now=b'\x03'
DEBUG:eyed3.id3.tag:Rendered 27 bytes
DEBUG:eyed3.id3.tag:Rendering frame: b'TXXX'
DEBUG:eyed3.id3.frames:_initEncoding: was=b'\x03' now=b'\x03'
DEBUG:eyed3.id3.tag:Rendered 26 bytes
DEBUG:eyed3.id3.tag:Rendering frame: b'TXXX'
DEBUG:eyed3.id3.frames:_initEncoding: was=b'\x03' now=b'\x03'
DEBUG:eyed3.id3.tag:Rendered 37 bytes
DEBUG:eyed3.id3.tag:Rendered 75736 total frame bytes
DEBUG:eyed3.id3.tag:Using 256 bytes of padding
DEBUG:eyed3.id3.tag:Rendering v2.4 tag header with size 75992
DEBUG:eyed3.id3.headers:Setting tag size to 75992
DEBUG:eyed3.id3.headers:TagHeader rendered 10 bytes
DEBUG:eyed3.id3.tag:Writing 75746 bytes of tag data and 256 bytes of padding
DEBUG:eyed3.id3.tag:Seeking to beginning of audio data, byte 137 (89)
DEBUG:eyed3.id3.tag:Tag write complete. Updating FileInfo state.
INFO:__main__:Extracted : Knife | ['ZillaKami'] | Knife
INFO:__main__:Starting yt-dlp on : Knife ZillaKami
DEBUG:eyed3.core:Loading file: C:\Users\vboxuser\Music\Knife - ZillaKami.mp3
DEBUG:eyed3.core:File mime-type: audio/mpeg
DEBUG:eyed3.id3.headers:Located ID3 v2 tag
DEBUG:eyed3.id3.headers:TagHeader [major]: 2 
DEBUG:eyed3.id3.headers:TagHeader [minor]: 4 
DEBUG:eyed3.id3.headers:TagHeader [rev]: 0 
DEBUG:eyed3.id3.headers:TagHeader [flags]: unsync(0) extended(0) experimental(0) footer(0)
DEBUG:eyed3.id3.headers:TagHeader [size string]: 0x0000007f
DEBUG:eyed3.id3.headers:TagHeader [size]: 127 (0x7f)
DEBUG:eyed3.id3.frames:size_left: 127
DEBUG:eyed3.id3.frames:+++++++++++++++++++++++++++++++++++++++++++++++++
DEBUG:eyed3.id3.frames:FrameSet: Reading Frame #1
DEBUG:eyed3.id3.headers:FrameHeader [start byte]: 10 (0xA)
DEBUG:eyed3.id3.headers:FrameHeader [id]: b'TXXX' (0x54585858)
DEBUG:eyed3.id3.headers:FrameHeader [data size]: 18 (0x12)
DEBUG:eyed3.id3.headers:FrameHeader [flags]: ta(0) fa(0) ro(0) co(0) en(0) gr(0) un(0) dl(0)
DEBUG:eyed3.id3.frames:FrameSet: Reading 18 (0x12) bytes of data from byte pos 20 (0x14)
DEBUG:eyed3.id3.frames:FrameSet: 18 bytes of data read
DEBUG:eyed3.id3.frames:createFrame (desc:User defined text information frame) - (2, None, None) - <class 'eyed3.id3.frames.UserTextFrame'>
DEBUG:eyed3.id3.frames:createFrame 'b'TXXX'' with class '<class 'eyed3.id3.frames.UserTextFrame'>'
DEBUG:eyed3.id3.frames:Unicode encoding: utf_8
DEBUG:eyed3.id3.frames:UserTextFrame description: major_brand
DEBUG:eyed3.id3.frames:Unicode encoding: utf_8
DEBUG:eyed3.id3.frames:UserTextFrame text: mp42
DEBUG:eyed3.id3.frames:size_left: 99
DEBUG:eyed3.id3.frames:+++++++++++++++++++++++++++++++++++++++++++++++++
DEBUG:eyed3.id3.frames:FrameSet: Reading Frame #2
DEBUG:eyed3.id3.headers:FrameHeader [start byte]: 38 (0x26)
DEBUG:eyed3.id3.headers:FrameHeader [id]: b'TXXX' (0x54585858)
DEBUG:eyed3.id3.headers:FrameHeader [data size]: 17 (0x11)
DEBUG:eyed3.id3.headers:FrameHeader [flags]: ta(0) fa(0) ro(0) co(0) en(0) gr(0) un(0) dl(0)
DEBUG:eyed3.id3.frames:FrameSet: Reading 17 (0x11) bytes of data from byte pos 48 (0x30)
DEBUG:eyed3.id3.frames:FrameSet: 17 bytes of data read
DEBUG:eyed3.id3.frames:createFrame (desc:User defined text information frame) - (2, None, None) - <class 'eyed3.id3.frames.UserTextFrame'>
DEBUG:eyed3.id3.frames:createFrame 'b'TXXX'' with class '<class 'eyed3.id3.frames.UserTextFrame'>'
DEBUG:eyed3.id3.frames:Unicode encoding: utf_8
DEBUG:eyed3.id3.frames:UserTextFrame description: minor_version
DEBUG:eyed3.id3.frames:Unicode encoding: utf_8
DEBUG:eyed3.id3.frames:UserTextFrame text: 0
DEBUG:eyed3.id3.frames:size_left: 72
DEBUG:eyed3.id3.frames:+++++++++++++++++++++++++++++++++++++++++++++++++
DEBUG:eyed3.id3.frames:FrameSet: Reading Frame #3
DEBUG:eyed3.id3.headers:FrameHeader [start byte]: 65 (0x41)
DEBUG:eyed3.id3.headers:FrameHeader [id]: b'TXXX' (0x54585858)
DEBUG:eyed3.id3.headers:FrameHeader [data size]: 28 (0x1C)
DEBUG:eyed3.id3.headers:FrameHeader [flags]: ta(0) fa(0) ro(0) co(0) en(0) gr(0) un(0) dl(0)
DEBUG:eyed3.id3.frames:FrameSet: Reading 28 (0x1C) bytes of data from byte pos 75 (0x4B)
DEBUG:eyed3.id3.frames:FrameSet: 28 bytes of data read
DEBUG:eyed3.id3.frames:createFrame (desc:User defined text information frame) - (2, None, None) - <class 'eyed3.id3.frames.UserTextFrame'>
DEBUG:eyed3.id3.frames:createFrame 'b'TXXX'' with class '<class 'eyed3.id3.frames.UserTextFrame'>'
DEBUG:eyed3.id3.frames:Unicode encoding: utf_8
DEBUG:eyed3.id3.frames:UserTextFrame description: compatible_brands
DEBUG:eyed3.id3.frames:Unicode encoding: utf_8
DEBUG:eyed3.id3.frames:UserTextFrame text: isommp42
DEBUG:eyed3.id3.frames:size_left: 34
DEBUG:eyed3.id3.frames:+++++++++++++++++++++++++++++++++++++++++++++++++
DEBUG:eyed3.id3.frames:FrameSet: Reading Frame #4
DEBUG:eyed3.id3.headers:FrameHeader [start byte]: 103 (0x67)
DEBUG:eyed3.id3.headers:FrameHeader [id]: b'TSSE' (0x54535345)
DEBUG:eyed3.id3.headers:FrameHeader [data size]: 14 (0xE)
DEBUG:eyed3.id3.headers:FrameHeader [flags]: ta(0) fa(0) ro(0) co(0) en(0) gr(0) un(0) dl(0)
DEBUG:eyed3.id3.frames:FrameSet: Reading 14 (0xE) bytes of data from byte pos 113 (0x71)
DEBUG:eyed3.id3.frames:FrameSet: 14 bytes of data read
DEBUG:eyed3.id3.frames:createFrame (desc:Software/Hardware and settings used for encoding) - (2, None, None) - <class 'eyed3.id3.frames.TextFrame'>
DEBUG:eyed3.id3.frames:createFrame 'b'TSSE'' with class '<class 'eyed3.id3.frames.TextFrame'>'
DEBUG:eyed3.id3.frames:Unicode encoding: utf_8
DEBUG:eyed3.id3.frames:TextFrame text: Lavf62.3.100
DEBUG:eyed3.id3.frames:size_left: 10
DEBUG:eyed3.id3.frames:FrameSet: Implied padding (size_left<minFrameSize)
DEBUG:eyed3.id3.tag:Tag contains 10 bytes of padding.
DEBUG:eyed3.mp3:mp3 header search starting @ 89
DEBUG:eyed3.mp3.headers:MPEG audio version: 1.0
DEBUG:eyed3.mp3.headers:MPEG audio layer: III
DEBUG:eyed3.mp3.headers:MPEG sampling frequency: 44100
DEBUG:eyed3.mp3.headers:MPEG bit rate: 320
DEBUG:eyed3.mp3.headers:MPEG channel mode: Stereo
DEBUG:eyed3.mp3.headers:MPEG channel mode extension: 0
DEBUG:eyed3.mp3.headers:MPEG CRC error protection: False
DEBUG:eyed3.mp3.headers:MPEG original: 0
DEBUG:eyed3.mp3.headers:MPEG copyright: 0
DEBUG:eyed3.mp3.headers:MPEG private bit: 0
DEBUG:eyed3.mp3.headers:MPEG padding: 0
DEBUG:eyed3.mp3.headers:MPEG emphasis: None
DEBUG:eyed3.mp3.headers:MPEG frame length: 1044
DEBUG:eyed3.mp3:mp3 header fffbe000 found at position: 0x89
DEBUG:eyed3.mp3.headers:b'Info' header detected @ 24
DEBUG:eyed3.mp3.headers:b'Info' header flags: 0xf
DEBUG:eyed3.mp3.headers:b'Info' numFrames: 5427
DEBUG:eyed3.mp3.headers:b'Info' numBytes: 5671705
DEBUG:eyed3.mp3.headers:b'Info' TOC (100 bytes): PRESENT
DEBUG:eyed3.id3.tag:Rendering tag version: v2.4
DEBUG:eyed3.id3.headers:Located ID3 v2 tag
DEBUG:eyed3.id3.headers:TagHeader [major]: 2 
DEBUG:eyed3.id3.headers:TagHeader [minor]: 4 
DEBUG:eyed3.id3.headers:TagHeader [rev]: 0 
DEBUG:eyed3.id3.headers:TagHeader [flags]: unsync(0) extended(0) experimental(0) footer(0)
DEBUG:eyed3.id3.headers:TagHeader [size string]: 0x0000007f
DEBUG:eyed3.id3.headers:TagHeader [size]: 127 (0x7f)
DEBUG:eyed3.id3.frames:size_left: 127
DEBUG:eyed3.id3.frames:+++++++++++++++++++++++++++++++++++++++++++++++++
DEBUG:eyed3.id3.frames:FrameSet: Reading Frame #1
DEBUG:eyed3.id3.headers:FrameHeader [start byte]: 10 (0xA)
DEBUG:eyed3.id3.headers:FrameHeader [id]: b'TXXX' (0x54585858)
DEBUG:eyed3.id3.headers:FrameHeader [data size]: 18 (0x12)
DEBUG:eyed3.id3.headers:FrameHeader [flags]: ta(0) fa(0) ro(0) co(0) en(0) gr(0) un(0) dl(0)
DEBUG:eyed3.id3.frames:FrameSet: Reading 18 (0x12) bytes of data from byte pos 20 (0x14)
DEBUG:eyed3.id3.frames:FrameSet: 18 bytes of data read
DEBUG:eyed3.id3.frames:createFrame (desc:User defined text information frame) - (2, None, None) - <class 'eyed3.id3.frames.UserTextFrame'>
DEBUG:eyed3.id3.frames:createFrame 'b'TXXX'' with class '<class 'eyed3.id3.frames.UserTextFrame'>'
DEBUG:eyed3.id3.frames:Unicode encoding: utf_8
DEBUG:eyed3.id3.frames:UserTextFrame description: major_brand
DEBUG:eyed3.id3.frames:Unicode encoding: utf_8
DEBUG:eyed3.id3.frames:UserTextFrame text: mp42
DEBUG:eyed3.id3.frames:size_left: 99
DEBUG:eyed3.id3.frames:+++++++++++++++++++++++++++++++++++++++++++++++++
DEBUG:eyed3.id3.frames:FrameSet: Reading Frame #2
DEBUG:eyed3.id3.headers:FrameHeader [start byte]: 38 (0x26)
DEBUG:eyed3.id3.headers:FrameHeader [id]: b'TXXX' (0x54585858)
DEBUG:eyed3.id3.headers:FrameHeader [data size]: 17 (0x11)
DEBUG:eyed3.id3.headers:FrameHeader [flags]: ta(0) fa(0) ro(0) co(0) en(0) gr(0) un(0) dl(0)
DEBUG:eyed3.id3.frames:FrameSet: Reading 17 (0x11) bytes of data from byte pos 48 (0x30)
DEBUG:eyed3.id3.frames:FrameSet: 17 bytes of data read
DEBUG:eyed3.id3.frames:createFrame (desc:User defined text information frame) - (2, None, None) - <class 'eyed3.id3.frames.UserTextFrame'>
DEBUG:eyed3.id3.frames:createFrame 'b'TXXX'' with class '<class 'eyed3.id3.frames.UserTextFrame'>'
DEBUG:eyed3.id3.frames:Unicode encoding: utf_8
DEBUG:eyed3.id3.frames:UserTextFrame description: minor_version
DEBUG:eyed3.id3.frames:Unicode encoding: utf_8
DEBUG:eyed3.id3.frames:UserTextFrame text: 0
DEBUG:eyed3.id3.frames:size_left: 72
DEBUG:eyed3.id3.frames:+++++++++++++++++++++++++++++++++++++++++++++++++
DEBUG:eyed3.id3.frames:FrameSet: Reading Frame #3
DEBUG:eyed3.id3.headers:FrameHeader [start byte]: 65 (0x41)
DEBUG:eyed3.id3.headers:FrameHeader [id]: b'TXXX' (0x54585858)
DEBUG:eyed3.id3.headers:FrameHeader [data size]: 28 (0x1C)
DEBUG:eyed3.id3.headers:FrameHeader [flags]: ta(0) fa(0) ro(0) co(0) en(0) gr(0) un(0) dl(0)
DEBUG:eyed3.id3.frames:FrameSet: Reading 28 (0x1C) bytes of data from byte pos 75 (0x4B)
DEBUG:eyed3.id3.frames:FrameSet: 28 bytes of data read
DEBUG:eyed3.id3.frames:createFrame (desc:User defined text information frame) - (2, None, None) - <class 'eyed3.id3.frames.UserTextFrame'>
DEBUG:eyed3.id3.frames:createFrame 'b'TXXX'' with class '<class 'eyed3.id3.frames.UserTextFrame'>'
DEBUG:eyed3.id3.frames:Unicode encoding: utf_8
DEBUG:eyed3.id3.frames:UserTextFrame description: compatible_brands
DEBUG:eyed3.id3.frames:Unicode encoding: utf_8
DEBUG:eyed3.id3.frames:UserTextFrame text: isommp42
DEBUG:eyed3.id3.frames:size_left: 34
DEBUG:eyed3.id3.frames:+++++++++++++++++++++++++++++++++++++++++++++++++
DEBUG:eyed3.id3.frames:FrameSet: Reading Frame #4
DEBUG:eyed3.id3.headers:FrameHeader [start byte]: 103 (0x67)
DEBUG:eyed3.id3.headers:FrameHeader [id]: b'TSSE' (0x54535345)
DEBUG:eyed3.id3.headers:FrameHeader [data size]: 14 (0xE)
DEBUG:eyed3.id3.headers:FrameHeader [flags]: ta(0) fa(0) ro(0) co(0) en(0) gr(0) un(0) dl(0)
DEBUG:eyed3.id3.frames:FrameSet: Reading 14 (0xE) bytes of data from byte pos 113 (0x71)
DEBUG:eyed3.id3.frames:FrameSet: 14 bytes of data read
DEBUG:eyed3.id3.frames:createFrame (desc:Software/Hardware and settings used for encoding) - (2, None, None) - <class 'eyed3.id3.frames.TextFrame'>
DEBUG:eyed3.id3.frames:createFrame 'b'TSSE'' with class '<class 'eyed3.id3.frames.TextFrame'>'
DEBUG:eyed3.id3.frames:Unicode encoding: utf_8
DEBUG:eyed3.id3.frames:TextFrame text: Lavf62.3.100
DEBUG:eyed3.id3.frames:size_left: 10
DEBUG:eyed3.id3.frames:FrameSet: Implied padding (size_left<minFrameSize)
DEBUG:eyed3.id3.tag:Tag contains 10 bytes of padding.
DEBUG:eyed3.id3.tag:Found current v2.x tag:
DEBUG:eyed3.id3.tag:Current tag size: 137
DEBUG:eyed3.id3.tag:Rendering frame: b'APIC'
DEBUG:eyed3.id3.frames:_initEncoding: was=None now=b'\x03'
DEBUG:eyed3.id3.tag:Rendered 44853 bytes
DEBUG:eyed3.id3.tag:Rendering frame: b'TALB'
DEBUG:eyed3.id3.frames:_initEncoding: was=None now=b'\x03'
DEBUG:eyed3.id3.tag:Rendered 16 bytes
DEBUG:eyed3.id3.tag:Rendering frame: b'TIT2'
DEBUG:eyed3.id3.frames:_initEncoding: was=None now=b'\x03'
DEBUG:eyed3.id3.tag:Rendered 16 bytes
DEBUG:eyed3.id3.tag:Rendering frame: b'TPE1'
DEBUG:eyed3.id3.frames:_initEncoding: was=None now=b'\x03'
DEBUG:eyed3.id3.tag:Rendered 20 bytes
DEBUG:eyed3.id3.tag:Rendering frame: b'TSSE'
DEBUG:eyed3.id3.frames:_initEncoding: was=b'\x03' now=b'\x03'
DEBUG:eyed3.id3.tag:Rendered 23 bytes
DEBUG:eyed3.id3.tag:Rendering frame: b'TXXX'
DEBUG:eyed3.id3.frames:_initEncoding: was=b'\x03' now=b'\x03'
DEBUG:eyed3.id3.tag:Rendered 27 bytes
DEBUG:eyed3.id3.tag:Rendering frame: b'TXXX'
DEBUG:eyed3.id3.frames:_initEncoding: was=b'\x03' now=b'\x03'
DEBUG:eyed3.id3.tag:Rendered 26 bytes
DEBUG:eyed3.id3.tag:Rendering frame: b'TXXX'
DEBUG:eyed3.id3.frames:_initEncoding: was=b'\x03' now=b'\x03'
DEBUG:eyed3.id3.tag:Rendered 37 bytes
DEBUG:eyed3.id3.tag:Rendered 45018 total frame bytes
DEBUG:eyed3.id3.tag:Using 256 bytes of padding
DEBUG:eyed3.id3.tag:Rendering v2.4 tag header with size 45274
DEBUG:eyed3.id3.headers:Setting tag size to 45274
DEBUG:eyed3.id3.headers:TagHeader rendered 10 bytes
DEBUG:eyed3.id3.tag:Writing 45028 bytes of tag data and 256 bytes of padding
DEBUG:eyed3.id3.tag:Seeking to beginning of audio data, byte 137 (89)
DEBUG:eyed3.id3.tag:Tag write complete. Updating FileInfo state.
DEBUG:urllib3.connectionpool:Starting new HTTPS connection (1): spotisaver.net:443
DEBUG:urllib3.connectionpool:https://spotisaver.net:443 "GET /api/get_playlist.php?id=28a3p0Qb08VewDYPbTC8SF&type=playlist&lang=en HTTP/1.1" 200 None
INFO:__main__:Extracted : SEWAGE | ['Kaito Shoma'] | SEWAGE
INFO:__main__:Starting yt-dlp on : SEWAGE Kaito Shoma
DEBUG:eyed3.core:Loading file: C:\Users\vboxuser\Music\SEWAGE - Kaito Shoma.mp3
DEBUG:eyed3.core:File mime-type: audio/mpeg
DEBUG:eyed3.id3.headers:Located ID3 v2 tag
DEBUG:eyed3.id3.headers:TagHeader [major]: 2 
DEBUG:eyed3.id3.headers:TagHeader [minor]: 4 
DEBUG:eyed3.id3.headers:TagHeader [rev]: 0 
DEBUG:eyed3.id3.headers:TagHeader [flags]: unsync(0) extended(0) experimental(0) footer(0)
DEBUG:eyed3.id3.headers:TagHeader [size string]: 0x0000007f
DEBUG:eyed3.id3.headers:TagHeader [size]: 127 (0x7f)
DEBUG:eyed3.id3.frames:size_left: 127
DEBUG:eyed3.id3.frames:+++++++++++++++++++++++++++++++++++++++++++++++++
DEBUG:eyed3.id3.frames:FrameSet: Reading Frame #1
DEBUG:eyed3.id3.headers:FrameHeader [start byte]: 10 (0xA)
DEBUG:eyed3.id3.headers:FrameHeader [id]: b'TXXX' (0x54585858)
DEBUG:eyed3.id3.headers:FrameHeader [data size]: 18 (0x12)
DEBUG:eyed3.id3.headers:FrameHeader [flags]: ta(0) fa(0) ro(0) co(0) en(0) gr(0) un(0) dl(0)
DEBUG:eyed3.id3.frames:FrameSet: Reading 18 (0x12) bytes of data from byte pos 20 (0x14)
DEBUG:eyed3.id3.frames:FrameSet: 18 bytes of data read
DEBUG:eyed3.id3.frames:createFrame (desc:User defined text information frame) - (2, None, None) - <class 'eyed3.id3.frames.UserTextFrame'>
DEBUG:eyed3.id3.frames:createFrame 'b'TXXX'' with class '<class 'eyed3.id3.frames.UserTextFrame'>'
DEBUG:eyed3.id3.frames:Unicode encoding: utf_8
DEBUG:eyed3.id3.frames:UserTextFrame description: major_brand
DEBUG:eyed3.id3.frames:Unicode encoding: utf_8
DEBUG:eyed3.id3.frames:UserTextFrame text: mp42
DEBUG:eyed3.id3.frames:size_left: 99
DEBUG:eyed3.id3.frames:+++++++++++++++++++++++++++++++++++++++++++++++++
DEBUG:eyed3.id3.frames:FrameSet: Reading Frame #2
DEBUG:eyed3.id3.headers:FrameHeader [start byte]: 38 (0x26)
DEBUG:eyed3.id3.headers:FrameHeader [id]: b'TXXX' (0x54585858)
DEBUG:eyed3.id3.headers:FrameHeader [data size]: 17 (0x11)
DEBUG:eyed3.id3.headers:FrameHeader [flags]: ta(0) fa(0) ro(0) co(0) en(0) gr(0) un(0) dl(0)
DEBUG:eyed3.id3.frames:FrameSet: Reading 17 (0x11) bytes of data from byte pos 48 (0x30)
DEBUG:eyed3.id3.frames:FrameSet: 17 bytes of data read
DEBUG:eyed3.id3.frames:createFrame (desc:User defined text information frame) - (2, None, None) - <class 'eyed3.id3.frames.UserTextFrame'>
DEBUG:eyed3.id3.frames:createFrame 'b'TXXX'' with class '<class 'eyed3.id3.frames.UserTextFrame'>'
DEBUG:eyed3.id3.frames:Unicode encoding: utf_8
DEBUG:eyed3.id3.frames:UserTextFrame description: minor_version
DEBUG:eyed3.id3.frames:Unicode encoding: utf_8
DEBUG:eyed3.id3.frames:UserTextFrame text: 0
DEBUG:eyed3.id3.frames:size_left: 72
DEBUG:eyed3.id3.frames:+++++++++++++++++++++++++++++++++++++++++++++++++
DEBUG:eyed3.id3.frames:FrameSet: Reading Frame #3
DEBUG:eyed3.id3.headers:FrameHeader [start byte]: 65 (0x41)
DEBUG:eyed3.id3.headers:FrameHeader [id]: b'TXXX' (0x54585858)
DEBUG:eyed3.id3.headers:FrameHeader [data size]: 28 (0x1C)
DEBUG:eyed3.id3.headers:FrameHeader [flags]: ta(0) fa(0) ro(0) co(0) en(0) gr(0) un(0) dl(0)
DEBUG:eyed3.id3.frames:FrameSet: Reading 28 (0x1C) bytes of data from byte pos 75 (0x4B)
DEBUG:eyed3.id3.frames:FrameSet: 28 bytes of data read
DEBUG:eyed3.id3.frames:createFrame (desc:User defined text information frame) - (2, None, None) - <class 'eyed3.id3.frames.UserTextFrame'>
DEBUG:eyed3.id3.frames:createFrame 'b'TXXX'' with class '<class 'eyed3.id3.frames.UserTextFrame'>'
DEBUG:eyed3.id3.frames:Unicode encoding: utf_8
DEBUG:eyed3.id3.frames:UserTextFrame description: compatible_brands
DEBUG:eyed3.id3.frames:Unicode encoding: utf_8
DEBUG:eyed3.id3.frames:UserTextFrame text: isommp42
DEBUG:eyed3.id3.frames:size_left: 34
DEBUG:eyed3.id3.frames:+++++++++++++++++++++++++++++++++++++++++++++++++
DEBUG:eyed3.id3.frames:FrameSet: Reading Frame #4
DEBUG:eyed3.id3.headers:FrameHeader [start byte]: 103 (0x67)
DEBUG:eyed3.id3.headers:FrameHeader [id]: b'TSSE' (0x54535345)
DEBUG:eyed3.id3.headers:FrameHeader [data size]: 14 (0xE)
DEBUG:eyed3.id3.headers:FrameHeader [flags]: ta(0) fa(0) ro(0) co(0) en(0) gr(0) un(0) dl(0)
DEBUG:eyed3.id3.frames:FrameSet: Reading 14 (0xE) bytes of data from byte pos 113 (0x71)
DEBUG:eyed3.id3.frames:FrameSet: 14 bytes of data read
DEBUG:eyed3.id3.frames:createFrame (desc:Software/Hardware and settings used for encoding) - (2, None, None) - <class 'eyed3.id3.frames.TextFrame'>
DEBUG:eyed3.id3.frames:createFrame 'b'TSSE'' with class '<class 'eyed3.id3.frames.TextFrame'>'
DEBUG:eyed3.id3.frames:Unicode encoding: utf_8
DEBUG:eyed3.id3.frames:TextFrame text: Lavf62.3.100
DEBUG:eyed3.id3.frames:size_left: 10
DEBUG:eyed3.id3.frames:FrameSet: Implied padding (size_left<minFrameSize)
DEBUG:eyed3.id3.tag:Tag contains 10 bytes of padding.
DEBUG:eyed3.mp3:mp3 header search starting @ 89
DEBUG:eyed3.mp3.headers:MPEG audio version: 1.0
DEBUG:eyed3.mp3.headers:MPEG audio layer: III
DEBUG:eyed3.mp3.headers:MPEG sampling frequency: 44100
DEBUG:eyed3.mp3.headers:MPEG bit rate: 320
DEBUG:eyed3.mp3.headers:MPEG channel mode: Stereo
DEBUG:eyed3.mp3.headers:MPEG channel mode extension: 0
DEBUG:eyed3.mp3.headers:MPEG CRC error protection: False
DEBUG:eyed3.mp3.headers:MPEG original: 0
DEBUG:eyed3.mp3.headers:MPEG copyright: 0
DEBUG:eyed3.mp3.headers:MPEG private bit: 0
DEBUG:eyed3.mp3.headers:MPEG padding: 0
DEBUG:eyed3.mp3.headers:MPEG emphasis: None
DEBUG:eyed3.mp3.headers:MPEG frame length: 1044
DEBUG:eyed3.mp3:mp3 header fffbe000 found at position: 0x89
DEBUG:eyed3.mp3.headers:b'Info' header detected @ 24
DEBUG:eyed3.mp3.headers:b'Info' header flags: 0xf
DEBUG:eyed3.mp3.headers:b'Info' numFrames: 4573
DEBUG:eyed3.mp3.headers:b'Info' numBytes: 4779362
DEBUG:eyed3.mp3.headers:b'Info' TOC (100 bytes): PRESENT
DEBUG:eyed3.id3.tag:Rendering tag version: v2.4
DEBUG:eyed3.id3.headers:Located ID3 v2 tag
DEBUG:eyed3.id3.headers:TagHeader [major]: 2 
DEBUG:eyed3.id3.headers:TagHeader [minor]: 4 
DEBUG:eyed3.id3.headers:TagHeader [rev]: 0 
DEBUG:eyed3.id3.headers:TagHeader [flags]: unsync(0) extended(0) experimental(0) footer(0)
DEBUG:eyed3.id3.headers:TagHeader [size string]: 0x0000007f
DEBUG:eyed3.id3.headers:TagHeader [size]: 127 (0x7f)
DEBUG:eyed3.id3.frames:size_left: 127
DEBUG:eyed3.id3.frames:+++++++++++++++++++++++++++++++++++++++++++++++++
DEBUG:eyed3.id3.frames:FrameSet: Reading Frame #1
DEBUG:eyed3.id3.headers:FrameHeader [start byte]: 10 (0xA)
DEBUG:eyed3.id3.headers:FrameHeader [id]: b'TXXX' (0x54585858)
DEBUG:eyed3.id3.headers:FrameHeader [data size]: 18 (0x12)
DEBUG:eyed3.id3.headers:FrameHeader [flags]: ta(0) fa(0) ro(0) co(0) en(0) gr(0) un(0) dl(0)
DEBUG:eyed3.id3.frames:FrameSet: Reading 18 (0x12) bytes of data from byte pos 20 (0x14)
DEBUG:eyed3.id3.frames:FrameSet: 18 bytes of data read
DEBUG:eyed3.id3.frames:createFrame (desc:User defined text information frame) - (2, None, None) - <class 'eyed3.id3.frames.UserTextFrame'>
DEBUG:eyed3.id3.frames:createFrame 'b'TXXX'' with class '<class 'eyed3.id3.frames.UserTextFrame'>'
DEBUG:eyed3.id3.frames:Unicode encoding: utf_8
DEBUG:eyed3.id3.frames:UserTextFrame description: major_brand
DEBUG:eyed3.id3.frames:Unicode encoding: utf_8
DEBUG:eyed3.id3.frames:UserTextFrame text: mp42
DEBUG:eyed3.id3.frames:size_left: 99
DEBUG:eyed3.id3.frames:+++++++++++++++++++++++++++++++++++++++++++++++++
DEBUG:eyed3.id3.frames:FrameSet: Reading Frame #2
DEBUG:eyed3.id3.headers:FrameHeader [start byte]: 38 (0x26)
DEBUG:eyed3.id3.headers:FrameHeader [id]: b'TXXX' (0x54585858)
DEBUG:eyed3.id3.headers:FrameHeader [data size]: 17 (0x11)
DEBUG:eyed3.id3.headers:FrameHeader [flags]: ta(0) fa(0) ro(0) co(0) en(0) gr(0) un(0) dl(0)
DEBUG:eyed3.id3.frames:FrameSet: Reading 17 (0x11) bytes of data from byte pos 48 (0x30)
DEBUG:eyed3.id3.frames:FrameSet: 17 bytes of data read
DEBUG:eyed3.id3.frames:createFrame (desc:User defined text information frame) - (2, None, None) - <class 'eyed3.id3.frames.UserTextFrame'>
DEBUG:eyed3.id3.frames:createFrame 'b'TXXX'' with class '<class 'eyed3.id3.frames.UserTextFrame'>'
DEBUG:eyed3.id3.frames:Unicode encoding: utf_8
DEBUG:eyed3.id3.frames:UserTextFrame description: minor_version
DEBUG:eyed3.id3.frames:Unicode encoding: utf_8
DEBUG:eyed3.id3.frames:UserTextFrame text: 0
DEBUG:eyed3.id3.frames:size_left: 72
DEBUG:eyed3.id3.frames:+++++++++++++++++++++++++++++++++++++++++++++++++
DEBUG:eyed3.id3.frames:FrameSet: Reading Frame #3
DEBUG:eyed3.id3.headers:FrameHeader [start byte]: 65 (0x41)
DEBUG:eyed3.id3.headers:FrameHeader [id]: b'TXXX' (0x54585858)
DEBUG:eyed3.id3.headers:FrameHeader [data size]: 28 (0x1C)
DEBUG:eyed3.id3.headers:FrameHeader [flags]: ta(0) fa(0) ro(0) co(0) en(0) gr(0) un(0) dl(0)
DEBUG:eyed3.id3.frames:FrameSet: Reading 28 (0x1C) bytes of data from byte pos 75 (0x4B)
DEBUG:eyed3.id3.frames:FrameSet: 28 bytes of data read
DEBUG:eyed3.id3.frames:createFrame (desc:User defined text information frame) - (2, None, None) - <class 'eyed3.id3.frames.UserTextFrame'>
DEBUG:eyed3.id3.frames:createFrame 'b'TXXX'' with class '<class 'eyed3.id3.frames.UserTextFrame'>'
DEBUG:eyed3.id3.frames:Unicode encoding: utf_8
DEBUG:eyed3.id3.frames:UserTextFrame description: compatible_brands
DEBUG:eyed3.id3.frames:Unicode encoding: utf_8
DEBUG:eyed3.id3.frames:UserTextFrame text: isommp42
DEBUG:eyed3.id3.frames:size_left: 34
DEBUG:eyed3.id3.frames:+++++++++++++++++++++++++++++++++++++++++++++++++
DEBUG:eyed3.id3.frames:FrameSet: Reading Frame #4
DEBUG:eyed3.id3.headers:FrameHeader [start byte]: 103 (0x67)
DEBUG:eyed3.id3.headers:FrameHeader [id]: b'TSSE' (0x54535345)
DEBUG:eyed3.id3.headers:FrameHeader [data size]: 14 (0xE)
DEBUG:eyed3.id3.headers:FrameHeader [flags]: ta(0) fa(0) ro(0) co(0) en(0) gr(0) un(0) dl(0)
DEBUG:eyed3.id3.frames:FrameSet: Reading 14 (0xE) bytes of data from byte pos 113 (0x71)
DEBUG:eyed3.id3.frames:FrameSet: 14 bytes of data read
DEBUG:eyed3.id3.frames:createFrame (desc:Software/Hardware and settings used for encoding) - (2, None, None) - <class 'eyed3.id3.frames.TextFrame'>
DEBUG:eyed3.id3.frames:createFrame 'b'TSSE'' with class '<class 'eyed3.id3.frames.TextFrame'>'
DEBUG:eyed3.id3.frames:Unicode encoding: utf_8
DEBUG:eyed3.id3.frames:TextFrame text: Lavf62.3.100
DEBUG:eyed3.id3.frames:size_left: 10
DEBUG:eyed3.id3.frames:FrameSet: Implied padding (size_left<minFrameSize)
DEBUG:eyed3.id3.tag:Tag contains 10 bytes of padding.
DEBUG:eyed3.id3.tag:Found current v2.x tag:
DEBUG:eyed3.id3.tag:Current tag size: 137
DEBUG:eyed3.id3.tag:Rendering frame: b'APIC'
DEBUG:eyed3.id3.frames:_initEncoding: was=None now=b'\x03'
DEBUG:eyed3.id3.tag:Rendered 75567 bytes
DEBUG:eyed3.id3.tag:Rendering frame: b'TALB'
DEBUG:eyed3.id3.frames:_initEncoding: was=None now=b'\x03'
DEBUG:eyed3.id3.tag:Rendered 17 bytes
DEBUG:eyed3.id3.tag:Rendering frame: b'TIT2'
DEBUG:eyed3.id3.frames:_initEncoding: was=None now=b'\x03'
DEBUG:eyed3.id3.tag:Rendered 17 bytes
DEBUG:eyed3.id3.tag:Rendering frame: b'TPE1'
DEBUG:eyed3.id3.frames:_initEncoding: was=None now=b'\x03'
DEBUG:eyed3.id3.tag:Rendered 22 bytes
DEBUG:eyed3.id3.tag:Rendering frame: b'TSSE'
DEBUG:eyed3.id3.frames:_initEncoding: was=b'\x03' now=b'\x03'
DEBUG:eyed3.id3.tag:Rendered 23 bytes
DEBUG:eyed3.id3.tag:Rendering frame: b'TXXX'
DEBUG:eyed3.id3.frames:_initEncoding: was=b'\x03' now=b'\x03'
DEBUG:eyed3.id3.tag:Rendered 27 bytes
DEBUG:eyed3.id3.tag:Rendering frame: b'TXXX'
DEBUG:eyed3.id3.frames:_initEncoding: was=b'\x03' now=b'\x03'
DEBUG:eyed3.id3.tag:Rendered 26 bytes
DEBUG:eyed3.id3.tag:Rendering frame: b'TXXX'
DEBUG:eyed3.id3.frames:_initEncoding: was=b'\x03' now=b'\x03'
DEBUG:eyed3.id3.tag:Rendered 37 bytes
DEBUG:eyed3.id3.tag:Rendered 75736 total frame bytes
DEBUG:eyed3.id3.tag:Using 256 bytes of padding
DEBUG:eyed3.id3.tag:Rendering v2.4 tag header with size 75992
DEBUG:eyed3.id3.headers:Setting tag size to 75992
DEBUG:eyed3.id3.headers:TagHeader rendered 10 bytes
DEBUG:eyed3.id3.tag:Writing 75746 bytes of tag data and 256 bytes of padding
DEBUG:eyed3.id3.tag:Seeking to beginning of audio data, byte 137 (89)
DEBUG:eyed3.id3.tag:Tag write complete. Updating FileInfo state.
INFO:__main__:Extracted : Knife | ['ZillaKami'] | Knife
INFO:__main__:Starting yt-dlp on : Knife ZillaKami
DEBUG:eyed3.core:Loading file: C:\Users\vboxuser\Music\Knife - ZillaKami.mp3
DEBUG:eyed3.core:File mime-type: audio/mpeg
DEBUG:eyed3.id3.headers:Located ID3 v2 tag
DEBUG:eyed3.id3.headers:TagHeader [major]: 2 
DEBUG:eyed3.id3.headers:TagHeader [minor]: 4 
DEBUG:eyed3.id3.headers:TagHeader [rev]: 0 
DEBUG:eyed3.id3.headers:TagHeader [flags]: unsync(0) extended(0) experimental(0) footer(0)
DEBUG:eyed3.id3.headers:TagHeader [size string]: 0x0000007f
DEBUG:eyed3.id3.headers:TagHeader [size]: 127 (0x7f)
DEBUG:eyed3.id3.frames:size_left: 127
DEBUG:eyed3.id3.frames:+++++++++++++++++++++++++++++++++++++++++++++++++
DEBUG:eyed3.id3.frames:FrameSet: Reading Frame #1
DEBUG:eyed3.id3.headers:FrameHeader [start byte]: 10 (0xA)
DEBUG:eyed3.id3.headers:FrameHeader [id]: b'TXXX' (0x54585858)
DEBUG:eyed3.id3.headers:FrameHeader [data size]: 18 (0x12)
DEBUG:eyed3.id3.headers:FrameHeader [flags]: ta(0) fa(0) ro(0) co(0) en(0) gr(0) un(0) dl(0)
DEBUG:eyed3.id3.frames:FrameSet: Reading 18 (0x12) bytes of data from byte pos 20 (0x14)
DEBUG:eyed3.id3.frames:FrameSet: 18 bytes of data read
DEBUG:eyed3.id3.frames:createFrame (desc:User defined text information frame) - (2, None, None) - <class 'eyed3.id3.frames.UserTextFrame'>
DEBUG:eyed3.id3.frames:createFrame 'b'TXXX'' with class '<class 'eyed3.id3.frames.UserTextFrame'>'
DEBUG:eyed3.id3.frames:Unicode encoding: utf_8
DEBUG:eyed3.id3.frames:UserTextFrame description: major_brand
DEBUG:eyed3.id3.frames:Unicode encoding: utf_8
DEBUG:eyed3.id3.frames:UserTextFrame text: mp42
DEBUG:eyed3.id3.frames:size_left: 99
DEBUG:eyed3.id3.frames:+++++++++++++++++++++++++++++++++++++++++++++++++
DEBUG:eyed3.id3.frames:FrameSet: Reading Frame #2
DEBUG:eyed3.id3.headers:FrameHeader [start byte]: 38 (0x26)
DEBUG:eyed3.id3.headers:FrameHeader [id]: b'TXXX' (0x54585858)
DEBUG:eyed3.id3.headers:FrameHeader [data size]: 17 (0x11)
DEBUG:eyed3.id3.headers:FrameHeader [flags]: ta(0) fa(0) ro(0) co(0) en(0) gr(0) un(0) dl(0)
DEBUG:eyed3.id3.frames:FrameSet: Reading 17 (0x11) bytes of data from byte pos 48 (0x30)
DEBUG:eyed3.id3.frames:FrameSet: 17 bytes of data read
DEBUG:eyed3.id3.frames:createFrame (desc:User defined text information frame) - (2, None, None) - <class 'eyed3.id3.frames.UserTextFrame'>
DEBUG:eyed3.id3.frames:createFrame 'b'TXXX'' with class '<class 'eyed3.id3.frames.UserTextFrame'>'
DEBUG:eyed3.id3.frames:Unicode encoding: utf_8
DEBUG:eyed3.id3.frames:UserTextFrame description: minor_version
DEBUG:eyed3.id3.frames:Unicode encoding: utf_8
DEBUG:eyed3.id3.frames:UserTextFrame text: 0
DEBUG:eyed3.id3.frames:size_left: 72
DEBUG:eyed3.id3.frames:+++++++++++++++++++++++++++++++++++++++++++++++++
DEBUG:eyed3.id3.frames:FrameSet: Reading Frame #3
DEBUG:eyed3.id3.headers:FrameHeader [start byte]: 65 (0x41)
DEBUG:eyed3.id3.headers:FrameHeader [id]: b'TXXX' (0x54585858)
DEBUG:eyed3.id3.headers:FrameHeader [data size]: 28 (0x1C)
DEBUG:eyed3.id3.headers:FrameHeader [flags]: ta(0) fa(0) ro(0) co(0) en(0) gr(0) un(0) dl(0)
DEBUG:eyed3.id3.frames:FrameSet: Reading 28 (0x1C) bytes of data from byte pos 75 (0x4B)
DEBUG:eyed3.id3.frames:FrameSet: 28 bytes of data read
DEBUG:eyed3.id3.frames:createFrame (desc:User defined text information frame) - (2, None, None) - <class 'eyed3.id3.frames.UserTextFrame'>
DEBUG:eyed3.id3.frames:createFrame 'b'TXXX'' with class '<class 'eyed3.id3.frames.UserTextFrame'>'
DEBUG:eyed3.id3.frames:Unicode encoding: utf_8
DEBUG:eyed3.id3.frames:UserTextFrame description: compatible_brands
DEBUG:eyed3.id3.frames:Unicode encoding: utf_8
DEBUG:eyed3.id3.frames:UserTextFrame text: isommp42
DEBUG:eyed3.id3.frames:size_left: 34
DEBUG:eyed3.id3.frames:+++++++++++++++++++++++++++++++++++++++++++++++++
DEBUG:eyed3.id3.frames:FrameSet: Reading Frame #4
DEBUG:eyed3.id3.headers:FrameHeader [start byte]: 103 (0x67)
DEBUG:eyed3.id3.headers:FrameHeader [id]: b'TSSE' (0x54535345)
DEBUG:eyed3.id3.headers:FrameHeader [data size]: 14 (0xE)
DEBUG:eyed3.id3.headers:FrameHeader [flags]: ta(0) fa(0) ro(0) co(0) en(0) gr(0) un(0) dl(0)
DEBUG:eyed3.id3.frames:FrameSet: Reading 14 (0xE) bytes of data from byte pos 113 (0x71)
DEBUG:eyed3.id3.frames:FrameSet: 14 bytes of data read
DEBUG:eyed3.id3.frames:createFrame (desc:Software/Hardware and settings used for encoding) - (2, None, None) - <class 'eyed3.id3.frames.TextFrame'>
DEBUG:eyed3.id3.frames:createFrame 'b'TSSE'' with class '<class 'eyed3.id3.frames.TextFrame'>'
DEBUG:eyed3.id3.frames:Unicode encoding: utf_8
DEBUG:eyed3.id3.frames:TextFrame text: Lavf62.3.100
DEBUG:eyed3.id3.frames:size_left: 10
DEBUG:eyed3.id3.frames:FrameSet: Implied padding (size_left<minFrameSize)
DEBUG:eyed3.id3.tag:Tag contains 10 bytes of padding.
DEBUG:eyed3.mp3:mp3 header search starting @ 89
DEBUG:eyed3.mp3.headers:MPEG audio version: 1.0
DEBUG:eyed3.mp3.headers:MPEG audio layer: III
DEBUG:eyed3.mp3.headers:MPEG sampling frequency: 44100
DEBUG:eyed3.mp3.headers:MPEG bit rate: 320
DEBUG:eyed3.mp3.headers:MPEG channel mode: Stereo
DEBUG:eyed3.mp3.headers:MPEG channel mode extension: 0
DEBUG:eyed3.mp3.headers:MPEG CRC error protection: False
DEBUG:eyed3.mp3.headers:MPEG original: 0
DEBUG:eyed3.mp3.headers:MPEG copyright: 0
DEBUG:eyed3.mp3.headers:MPEG private bit: 0
DEBUG:eyed3.mp3.headers:MPEG padding: 0
DEBUG:eyed3.mp3.headers:MPEG emphasis: None
DEBUG:eyed3.mp3.headers:MPEG frame length: 1044
DEBUG:eyed3.mp3:mp3 header fffbe000 found at position: 0x89
DEBUG:eyed3.mp3.headers:b'Info' header detected @ 24
DEBUG:eyed3.mp3.headers:b'Info' header flags: 0xf
DEBUG:eyed3.mp3.headers:b'Info' numFrames: 5427
DEBUG:eyed3.mp3.headers:b'Info' numBytes: 5671705
DEBUG:eyed3.mp3.headers:b'Info' TOC (100 bytes): PRESENT
DEBUG:eyed3.id3.tag:Rendering tag version: v2.4
DEBUG:eyed3.id3.headers:Located ID3 v2 tag
DEBUG:eyed3.id3.headers:TagHeader [major]: 2 
DEBUG:eyed3.id3.headers:TagHeader [minor]: 4 
DEBUG:eyed3.id3.headers:TagHeader [rev]: 0 
DEBUG:eyed3.id3.headers:TagHeader [flags]: unsync(0) extended(0) experimental(0) footer(0)
DEBUG:eyed3.id3.headers:TagHeader [size string]: 0x0000007f
DEBUG:eyed3.id3.headers:TagHeader [size]: 127 (0x7f)
DEBUG:eyed3.id3.frames:size_left: 127
DEBUG:eyed3.id3.frames:+++++++++++++++++++++++++++++++++++++++++++++++++
DEBUG:eyed3.id3.frames:FrameSet: Reading Frame #1
DEBUG:eyed3.id3.headers:FrameHeader [start byte]: 10 (0xA)
DEBUG:eyed3.id3.headers:FrameHeader [id]: b'TXXX' (0x54585858)
DEBUG:eyed3.id3.headers:FrameHeader [data size]: 18 (0x12)
DEBUG:eyed3.id3.headers:FrameHeader [flags]: ta(0) fa(0) ro(0) co(0) en(0) gr(0) un(0) dl(0)
DEBUG:eyed3.id3.frames:FrameSet: Reading 18 (0x12) bytes of data from byte pos 20 (0x14)
DEBUG:eyed3.id3.frames:FrameSet: 18 bytes of data read
DEBUG:eyed3.id3.frames:createFrame (desc:User defined text information frame) - (2, None, None) - <class 'eyed3.id3.frames.UserTextFrame'>
DEBUG:eyed3.id3.frames:createFrame 'b'TXXX'' with class '<class 'eyed3.id3.frames.UserTextFrame'>'
DEBUG:eyed3.id3.frames:Unicode encoding: utf_8
DEBUG:eyed3.id3.frames:UserTextFrame description: major_brand
DEBUG:eyed3.id3.frames:Unicode encoding: utf_8
DEBUG:eyed3.id3.frames:UserTextFrame text: mp42
DEBUG:eyed3.id3.frames:size_left: 99
DEBUG:eyed3.id3.frames:+++++++++++++++++++++++++++++++++++++++++++++++++
DEBUG:eyed3.id3.frames:FrameSet: Reading Frame #2
DEBUG:eyed3.id3.headers:FrameHeader [start byte]: 38 (0x26)
DEBUG:eyed3.id3.headers:FrameHeader [id]: b'TXXX' (0x54585858)
DEBUG:eyed3.id3.headers:FrameHeader [data size]: 17 (0x11)
DEBUG:eyed3.id3.headers:FrameHeader [flags]: ta(0) fa(0) ro(0) co(0) en(0) gr(0) un(0) dl(0)
DEBUG:eyed3.id3.frames:FrameSet: Reading 17 (0x11) bytes of data from byte pos 48 (0x30)
DEBUG:eyed3.id3.frames:FrameSet: 17 bytes of data read
DEBUG:eyed3.id3.frames:createFrame (desc:User defined text information frame) - (2, None, None) - <class 'eyed3.id3.frames.UserTextFrame'>
DEBUG:eyed3.id3.frames:createFrame 'b'TXXX'' with class '<class 'eyed3.id3.frames.UserTextFrame'>'
DEBUG:eyed3.id3.frames:Unicode encoding: utf_8
DEBUG:eyed3.id3.frames:UserTextFrame description: minor_version
DEBUG:eyed3.id3.frames:Unicode encoding: utf_8
DEBUG:eyed3.id3.frames:UserTextFrame text: 0
DEBUG:eyed3.id3.frames:size_left: 72
DEBUG:eyed3.id3.frames:+++++++++++++++++++++++++++++++++++++++++++++++++
DEBUG:eyed3.id3.frames:FrameSet: Reading Frame #3
DEBUG:eyed3.id3.headers:FrameHeader [start byte]: 65 (0x41)
DEBUG:eyed3.id3.headers:FrameHeader [id]: b'TXXX' (0x54585858)
DEBUG:eyed3.id3.headers:FrameHeader [data size]: 28 (0x1C)
DEBUG:eyed3.id3.headers:FrameHeader [flags]: ta(0) fa(0) ro(0) co(0) en(0) gr(0) un(0) dl(0)
DEBUG:eyed3.id3.frames:FrameSet: Reading 28 (0x1C) bytes of data from byte pos 75 (0x4B)
DEBUG:eyed3.id3.frames:FrameSet: 28 bytes of data read
DEBUG:eyed3.id3.frames:createFrame (desc:User defined text information frame) - (2, None, None) - <class 'eyed3.id3.frames.UserTextFrame'>
DEBUG:eyed3.id3.frames:createFrame 'b'TXXX'' with class '<class 'eyed3.id3.frames.UserTextFrame'>'
DEBUG:eyed3.id3.frames:Unicode encoding: utf_8
DEBUG:eyed3.id3.frames:UserTextFrame description: compatible_brands
DEBUG:eyed3.id3.frames:Unicode encoding: utf_8
DEBUG:eyed3.id3.frames:UserTextFrame text: isommp42
DEBUG:eyed3.id3.frames:size_left: 34
DEBUG:eyed3.id3.frames:+++++++++++++++++++++++++++++++++++++++++++++++++
DEBUG:eyed3.id3.frames:FrameSet: Reading Frame #4
DEBUG:eyed3.id3.headers:FrameHeader [start byte]: 103 (0x67)
DEBUG:eyed3.id3.headers:FrameHeader [id]: b'TSSE' (0x54535345)
DEBUG:eyed3.id3.headers:FrameHeader [data size]: 14 (0xE)
DEBUG:eyed3.id3.headers:FrameHeader [flags]: ta(0) fa(0) ro(0) co(0) en(0) gr(0) un(0) dl(0)
DEBUG:eyed3.id3.frames:FrameSet: Reading 14 (0xE) bytes of data from byte pos 113 (0x71)
DEBUG:eyed3.id3.frames:FrameSet: 14 bytes of data read
DEBUG:eyed3.id3.frames:createFrame (desc:Software/Hardware and settings used for encoding) - (2, None, None) - <class 'eyed3.id3.frames.TextFrame'>
DEBUG:eyed3.id3.frames:createFrame 'b'TSSE'' with class '<class 'eyed3.id3.frames.TextFrame'>'
DEBUG:eyed3.id3.frames:Unicode encoding: utf_8
DEBUG:eyed3.id3.frames:TextFrame text: Lavf62.3.100
DEBUG:eyed3.id3.frames:size_left: 10
DEBUG:eyed3.id3.frames:FrameSet: Implied padding (size_left<minFrameSize)
DEBUG:eyed3.id3.tag:Tag contains 10 bytes of padding.
DEBUG:eyed3.id3.tag:Found current v2.x tag:
DEBUG:eyed3.id3.tag:Current tag size: 137
DEBUG:eyed3.id3.tag:Rendering frame: b'APIC'
DEBUG:eyed3.id3.frames:_initEncoding: was=None now=b'\x03'
DEBUG:eyed3.id3.tag:Rendered 44853 bytes
DEBUG:eyed3.id3.tag:Rendering frame: b'TALB'
DEBUG:eyed3.id3.frames:_initEncoding: was=None now=b'\x03'
DEBUG:eyed3.id3.tag:Rendered 16 bytes
DEBUG:eyed3.id3.tag:Rendering frame: b'TIT2'
DEBUG:eyed3.id3.frames:_initEncoding: was=None now=b'\x03'
DEBUG:eyed3.id3.tag:Rendered 16 bytes
DEBUG:eyed3.id3.tag:Rendering frame: b'TPE1'
DEBUG:eyed3.id3.frames:_initEncoding: was=None now=b'\x03'
DEBUG:eyed3.id3.tag:Rendered 20 bytes
DEBUG:eyed3.id3.tag:Rendering frame: b'TSSE'
DEBUG:eyed3.id3.frames:_initEncoding: was=b'\x03' now=b'\x03'
DEBUG:eyed3.id3.tag:Rendered 23 bytes
DEBUG:eyed3.id3.tag:Rendering frame: b'TXXX'
DEBUG:eyed3.id3.frames:_initEncoding: was=b'\x03' now=b'\x03'
DEBUG:eyed3.id3.tag:Rendered 27 bytes
DEBUG:eyed3.id3.tag:Rendering frame: b'TXXX'
DEBUG:eyed3.id3.frames:_initEncoding: was=b'\x03' now=b'\x03'
DEBUG:eyed3.id3.tag:Rendered 26 bytes
DEBUG:eyed3.id3.tag:Rendering frame: b'TXXX'
DEBUG:eyed3.id3.frames:_initEncoding: was=b'\x03' now=b'\x03'
DEBUG:eyed3.id3.tag:Rendered 37 bytes
DEBUG:eyed3.id3.tag:Rendered 45018 total frame bytes
DEBUG:eyed3.id3.tag:Using 256 bytes of padding
DEBUG:eyed3.id3.tag:Rendering v2.4 tag header with size 45274
DEBUG:eyed3.id3.headers:Setting tag size to 45274
DEBUG:eyed3.id3.headers:TagHeader rendered 10 bytes
DEBUG:eyed3.id3.tag:Writing 45028 bytes of tag data and 256 bytes of padding
DEBUG:eyed3.id3.tag:Seeking to beginning of audio data, byte 137 (89)
DEBUG:eyed3.id3.tag:Tag write complete. Updating FileInfo state.
INFO:__main__:Extracted : Cube | ['Antonio Ruscito', 'Luigi Tozzi'] | Memoir EP
INFO:__main__:Starting yt-dlp on : Cube Antonio Ruscito
DEBUG:eyed3.core:Loading file: C:\Users\vboxuser\Music\Cube - Antonio Ruscito.mp3
DEBUG:eyed3.core:File mime-type: audio/mpeg
DEBUG:eyed3.id3.headers:Located ID3 v2 tag
DEBUG:eyed3.id3.headers:TagHeader [major]: 2 
DEBUG:eyed3.id3.headers:TagHeader [minor]: 4 
DEBUG:eyed3.id3.headers:TagHeader [rev]: 0 
DEBUG:eyed3.id3.headers:TagHeader [flags]: unsync(0) extended(0) experimental(0) footer(0)
DEBUG:eyed3.id3.headers:TagHeader [size string]: 0x0000007f
DEBUG:eyed3.id3.headers:TagHeader [size]: 127 (0x7f)
DEBUG:eyed3.id3.frames:size_left: 127
DEBUG:eyed3.id3.frames:+++++++++++++++++++++++++++++++++++++++++++++++++
DEBUG:eyed3.id3.frames:FrameSet: Reading Frame #1
DEBUG:eyed3.id3.headers:FrameHeader [start byte]: 10 (0xA)
DEBUG:eyed3.id3.headers:FrameHeader [id]: b'TXXX' (0x54585858)
DEBUG:eyed3.id3.headers:FrameHeader [data size]: 18 (0x12)
DEBUG:eyed3.id3.headers:FrameHeader [flags]: ta(0) fa(0) ro(0) co(0) en(0) gr(0) un(0) dl(0)
DEBUG:eyed3.id3.frames:FrameSet: Reading 18 (0x12) bytes of data from byte pos 20 (0x14)
DEBUG:eyed3.id3.frames:FrameSet: 18 bytes of data read
DEBUG:eyed3.id3.frames:createFrame (desc:User defined text information frame) - (2, None, None) - <class 'eyed3.id3.frames.UserTextFrame'>
DEBUG:eyed3.id3.frames:createFrame 'b'TXXX'' with class '<class 'eyed3.id3.frames.UserTextFrame'>'
DEBUG:eyed3.id3.frames:Unicode encoding: utf_8
DEBUG:eyed3.id3.frames:UserTextFrame description: major_brand
DEBUG:eyed3.id3.frames:Unicode encoding: utf_8
DEBUG:eyed3.id3.frames:UserTextFrame text: mp42
DEBUG:eyed3.id3.frames:size_left: 99
DEBUG:eyed3.id3.frames:+++++++++++++++++++++++++++++++++++++++++++++++++
DEBUG:eyed3.id3.frames:FrameSet: Reading Frame #2
DEBUG:eyed3.id3.headers:FrameHeader [start byte]: 38 (0x26)
DEBUG:eyed3.id3.headers:FrameHeader [id]: b'TXXX' (0x54585858)
DEBUG:eyed3.id3.headers:FrameHeader [data size]: 17 (0x11)
DEBUG:eyed3.id3.headers:FrameHeader [flags]: ta(0) fa(0) ro(0) co(0) en(0) gr(0) un(0) dl(0)
DEBUG:eyed3.id3.frames:FrameSet: Reading 17 (0x11) bytes of data from byte pos 48 (0x30)
DEBUG:eyed3.id3.frames:FrameSet: 17 bytes of data read
DEBUG:eyed3.id3.frames:createFrame (desc:User defined text information frame) - (2, None, None) - <class 'eyed3.id3.frames.UserTextFrame'>
DEBUG:eyed3.id3.frames:createFrame 'b'TXXX'' with class '<class 'eyed3.id3.frames.UserTextFrame'>'
DEBUG:eyed3.id3.frames:Unicode encoding: utf_8
DEBUG:eyed3.id3.frames:UserTextFrame description: minor_version
DEBUG:eyed3.id3.frames:Unicode encoding: utf_8
DEBUG:eyed3.id3.frames:UserTextFrame text: 0
DEBUG:eyed3.id3.frames:size_left: 72
DEBUG:eyed3.id3.frames:+++++++++++++++++++++++++++++++++++++++++++++++++
DEBUG:eyed3.id3.frames:FrameSet: Reading Frame #3
DEBUG:eyed3.id3.headers:FrameHeader [start byte]: 65 (0x41)
DEBUG:eyed3.id3.headers:FrameHeader [id]: b'TXXX' (0x54585858)
DEBUG:eyed3.id3.headers:FrameHeader [data size]: 28 (0x1C)
DEBUG:eyed3.id3.headers:FrameHeader [flags]: ta(0) fa(0) ro(0) co(0) en(0) gr(0) un(0) dl(0)
DEBUG:eyed3.id3.frames:FrameSet: Reading 28 (0x1C) bytes of data from byte pos 75 (0x4B)
DEBUG:eyed3.id3.frames:FrameSet: 28 bytes of data read
DEBUG:eyed3.id3.frames:createFrame (desc:User defined text information frame) - (2, None, None) - <class 'eyed3.id3.frames.UserTextFrame'>
DEBUG:eyed3.id3.frames:createFrame 'b'TXXX'' with class '<class 'eyed3.id3.frames.UserTextFrame'>'
DEBUG:eyed3.id3.frames:Unicode encoding: utf_8
DEBUG:eyed3.id3.frames:UserTextFrame description: compatible_brands
DEBUG:eyed3.id3.frames:Unicode encoding: utf_8
DEBUG:eyed3.id3.frames:UserTextFrame text: isommp42
DEBUG:eyed3.id3.frames:size_left: 34
DEBUG:eyed3.id3.frames:+++++++++++++++++++++++++++++++++++++++++++++++++
DEBUG:eyed3.id3.frames:FrameSet: Reading Frame #4
DEBUG:eyed3.id3.headers:FrameHeader [start byte]: 103 (0x67)
DEBUG:eyed3.id3.headers:FrameHeader [id]: b'TSSE' (0x54535345)
DEBUG:eyed3.id3.headers:FrameHeader [data size]: 14 (0xE)
DEBUG:eyed3.id3.headers:FrameHeader [flags]: ta(0) fa(0) ro(0) co(0) en(0) gr(0) un(0) dl(0)
DEBUG:eyed3.id3.frames:FrameSet: Reading 14 (0xE) bytes of data from byte pos 113 (0x71)
DEBUG:eyed3.id3.frames:FrameSet: 14 bytes of data read
DEBUG:eyed3.id3.frames:createFrame (desc:Software/Hardware and settings used for encoding) - (2, None, None) - <class 'eyed3.id3.frames.TextFrame'>
DEBUG:eyed3.id3.frames:createFrame 'b'TSSE'' with class '<class 'eyed3.id3.frames.TextFrame'>'
DEBUG:eyed3.id3.frames:Unicode encoding: utf_8
DEBUG:eyed3.id3.frames:TextFrame text: Lavf62.3.100
DEBUG:eyed3.id3.frames:size_left: 10
DEBUG:eyed3.id3.frames:FrameSet: Implied padding (size_left<minFrameSize)
DEBUG:eyed3.id3.tag:Tag contains 10 bytes of padding.
DEBUG:eyed3.mp3:mp3 header search starting @ 89
DEBUG:eyed3.mp3.headers:MPEG audio version: 1.0
DEBUG:eyed3.mp3.headers:MPEG audio layer: III
DEBUG:eyed3.mp3.headers:MPEG sampling frequency: 44100
DEBUG:eyed3.mp3.headers:MPEG bit rate: 320
DEBUG:eyed3.mp3.headers:MPEG channel mode: Stereo
DEBUG:eyed3.mp3.headers:MPEG channel mode extension: 0
DEBUG:eyed3.mp3.headers:MPEG CRC error protection: False
DEBUG:eyed3.mp3.headers:MPEG original: 0
DEBUG:eyed3.mp3.headers:MPEG copyright: 0
DEBUG:eyed3.mp3.headers:MPEG private bit: 0
DEBUG:eyed3.mp3.headers:MPEG padding: 0
DEBUG:eyed3.mp3.headers:MPEG emphasis: None
DEBUG:eyed3.mp3.headers:MPEG frame length: 1044
DEBUG:eyed3.mp3:mp3 header fffbe000 found at position: 0x89
DEBUG:eyed3.mp3.headers:b'Info' header detected @ 24
DEBUG:eyed3.mp3.headers:b'Info' header flags: 0xf
DEBUG:eyed3.mp3.headers:b'Info' numFrames: 12276
DEBUG:eyed3.mp3.headers:b'Info' numBytes: 12828211
DEBUG:eyed3.mp3.headers:b'Info' TOC (100 bytes): PRESENT
DEBUG:eyed3.id3.tag:Rendering tag version: v2.4
DEBUG:eyed3.id3.headers:Located ID3 v2 tag
DEBUG:eyed3.id3.headers:TagHeader [major]: 2 
DEBUG:eyed3.id3.headers:TagHeader [minor]: 4 
DEBUG:eyed3.id3.headers:TagHeader [rev]: 0 
DEBUG:eyed3.id3.headers:TagHeader [flags]: unsync(0) extended(0) experimental(0) footer(0)
DEBUG:eyed3.id3.headers:TagHeader [size string]: 0x0000007f
DEBUG:eyed3.id3.headers:TagHeader [size]: 127 (0x7f)
DEBUG:eyed3.id3.frames:size_left: 127
DEBUG:eyed3.id3.frames:+++++++++++++++++++++++++++++++++++++++++++++++++
DEBUG:eyed3.id3.frames:FrameSet: Reading Frame #1
DEBUG:eyed3.id3.headers:FrameHeader [start byte]: 10 (0xA)
DEBUG:eyed3.id3.headers:FrameHeader [id]: b'TXXX' (0x54585858)
DEBUG:eyed3.id3.headers:FrameHeader [data size]: 18 (0x12)
DEBUG:eyed3.id3.headers:FrameHeader [flags]: ta(0) fa(0) ro(0) co(0) en(0) gr(0) un(0) dl(0)
DEBUG:eyed3.id3.frames:FrameSet: Reading 18 (0x12) bytes of data from byte pos 20 (0x14)
DEBUG:eyed3.id3.frames:FrameSet: 18 bytes of data read
DEBUG:eyed3.id3.frames:createFrame (desc:User defined text information frame) - (2, None, None) - <class 'eyed3.id3.frames.UserTextFrame'>
DEBUG:eyed3.id3.frames:createFrame 'b'TXXX'' with class '<class 'eyed3.id3.frames.UserTextFrame'>'
DEBUG:eyed3.id3.frames:Unicode encoding: utf_8
DEBUG:eyed3.id3.frames:UserTextFrame description: major_brand
DEBUG:eyed3.id3.frames:Unicode encoding: utf_8
DEBUG:eyed3.id3.frames:UserTextFrame text: mp42
DEBUG:eyed3.id3.frames:size_left: 99
DEBUG:eyed3.id3.frames:+++++++++++++++++++++++++++++++++++++++++++++++++
DEBUG:eyed3.id3.frames:FrameSet: Reading Frame #2
DEBUG:eyed3.id3.headers:FrameHeader [start byte]: 38 (0x26)
DEBUG:eyed3.id3.headers:FrameHeader [id]: b'TXXX' (0x54585858)
DEBUG:eyed3.id3.headers:FrameHeader [data size]: 17 (0x11)
DEBUG:eyed3.id3.headers:FrameHeader [flags]: ta(0) fa(0) ro(0) co(0) en(0) gr(0) un(0) dl(0)
DEBUG:eyed3.id3.frames:FrameSet: Reading 17 (0x11) bytes of data from byte pos 48 (0x30)
DEBUG:eyed3.id3.frames:FrameSet: 17 bytes of data read
DEBUG:eyed3.id3.frames:createFrame (desc:User defined text information frame) - (2, None, None) - <class 'eyed3.id3.frames.UserTextFrame'>
DEBUG:eyed3.id3.frames:createFrame 'b'TXXX'' with class '<class 'eyed3.id3.frames.UserTextFrame'>'
DEBUG:eyed3.id3.frames:Unicode encoding: utf_8
DEBUG:eyed3.id3.frames:UserTextFrame description: minor_version
DEBUG:eyed3.id3.frames:Unicode encoding: utf_8
DEBUG:eyed3.id3.frames:UserTextFrame text: 0
DEBUG:eyed3.id3.frames:size_left: 72
DEBUG:eyed3.id3.frames:+++++++++++++++++++++++++++++++++++++++++++++++++
DEBUG:eyed3.id3.frames:FrameSet: Reading Frame #3
DEBUG:eyed3.id3.headers:FrameHeader [start byte]: 65 (0x41)
DEBUG:eyed3.id3.headers:FrameHeader [id]: b'TXXX' (0x54585858)
DEBUG:eyed3.id3.headers:FrameHeader [data size]: 28 (0x1C)
DEBUG:eyed3.id3.headers:FrameHeader [flags]: ta(0) fa(0) ro(0) co(0) en(0) gr(0) un(0) dl(0)
DEBUG:eyed3.id3.frames:FrameSet: Reading 28 (0x1C) bytes of data from byte pos 75 (0x4B)
DEBUG:eyed3.id3.frames:FrameSet: 28 bytes of data read
DEBUG:eyed3.id3.frames:createFrame (desc:User defined text information frame) - (2, None, None) - <class 'eyed3.id3.frames.UserTextFrame'>
DEBUG:eyed3.id3.frames:createFrame 'b'TXXX'' with class '<class 'eyed3.id3.frames.UserTextFrame'>'
DEBUG:eyed3.id3.frames:Unicode encoding: utf_8
DEBUG:eyed3.id3.frames:UserTextFrame description: compatible_brands
DEBUG:eyed3.id3.frames:Unicode encoding: utf_8
DEBUG:eyed3.id3.frames:UserTextFrame text: isommp42
DEBUG:eyed3.id3.frames:size_left: 34
DEBUG:eyed3.id3.frames:+++++++++++++++++++++++++++++++++++++++++++++++++
DEBUG:eyed3.id3.frames:FrameSet: Reading Frame #4
DEBUG:eyed3.id3.headers:FrameHeader [start byte]: 103 (0x67)
DEBUG:eyed3.id3.headers:FrameHeader [id]: b'TSSE' (0x54535345)
DEBUG:eyed3.id3.headers:FrameHeader [data size]: 14 (0xE)
DEBUG:eyed3.id3.headers:FrameHeader [flags]: ta(0) fa(0) ro(0) co(0) en(0) gr(0) un(0) dl(0)
DEBUG:eyed3.id3.frames:FrameSet: Reading 14 (0xE) bytes of data from byte pos 113 (0x71)
DEBUG:eyed3.id3.frames:FrameSet: 14 bytes of data read
DEBUG:eyed3.id3.frames:createFrame (desc:Software/Hardware and settings used for encoding) - (2, None, None) - <class 'eyed3.id3.frames.TextFrame'>
DEBUG:eyed3.id3.frames:createFrame 'b'TSSE'' with class '<class 'eyed3.id3.frames.TextFrame'>'
DEBUG:eyed3.id3.frames:Unicode encoding: utf_8
DEBUG:eyed3.id3.frames:TextFrame text: Lavf62.3.100
DEBUG:eyed3.id3.frames:size_left: 10
DEBUG:eyed3.id3.frames:FrameSet: Implied padding (size_left<minFrameSize)
DEBUG:eyed3.id3.tag:Tag contains 10 bytes of padding.
DEBUG:eyed3.id3.tag:Found current v2.x tag:
DEBUG:eyed3.id3.tag:Current tag size: 137
DEBUG:eyed3.id3.tag:Rendering frame: b'APIC'
DEBUG:eyed3.id3.frames:_initEncoding: was=None now=b'\x03'
DEBUG:eyed3.id3.tag:Rendered 56492 bytes
DEBUG:eyed3.id3.tag:Rendering frame: b'TALB'
DEBUG:eyed3.id3.frames:_initEncoding: was=None now=b'\x03'
DEBUG:eyed3.id3.tag:Rendered 20 bytes
DEBUG:eyed3.id3.tag:Rendering frame: b'TIT2'
DEBUG:eyed3.id3.frames:_initEncoding: was=None now=b'\x03'
DEBUG:eyed3.id3.tag:Rendered 15 bytes
DEBUG:eyed3.id3.tag:Rendering frame: b'TPE1'
DEBUG:eyed3.id3.frames:_initEncoding: was=None now=b'\x03'
DEBUG:eyed3.id3.tag:Rendered 39 bytes
DEBUG:eyed3.id3.tag:Rendering frame: b'TSSE'
DEBUG:eyed3.id3.frames:_initEncoding: was=b'\x03' now=b'\x03'
DEBUG:eyed3.id3.tag:Rendered 23 bytes
DEBUG:eyed3.id3.tag:Rendering frame: b'TXXX'
DEBUG:eyed3.id3.frames:_initEncoding: was=b'\x03' now=b'\x03'
DEBUG:eyed3.id3.tag:Rendered 27 bytes
DEBUG:eyed3.id3.tag:Rendering frame: b'TXXX'
DEBUG:eyed3.id3.frames:_initEncoding: was=b'\x03' now=b'\x03'
DEBUG:eyed3.id3.tag:Rendered 26 bytes
DEBUG:eyed3.id3.tag:Rendering frame: b'TXXX'
DEBUG:eyed3.id3.frames:_initEncoding: was=b'\x03' now=b'\x03'
DEBUG:eyed3.id3.tag:Rendered 37 bytes
DEBUG:eyed3.id3.tag:Rendered 56679 total frame bytes
DEBUG:eyed3.id3.tag:Using 256 bytes of padding
DEBUG:eyed3.id3.tag:Rendering v2.4 tag header with size 56935
DEBUG:eyed3.id3.headers:Setting tag size to 56935
DEBUG:eyed3.id3.headers:TagHeader rendered 10 bytes
DEBUG:eyed3.id3.tag:Writing 56689 bytes of tag data and 256 bytes of padding
DEBUG:eyed3.id3.tag:Seeking to beginning of audio data, byte 137 (89)
DEBUG:eyed3.id3.tag:Tag write complete. Updating FileInfo state.
DEBUG:urllib3.connectionpool:Starting new HTTPS connection (1): spotisaver.net:443
DEBUG:urllib3.connectionpool:https://spotisaver.net:443 "GET /api/get_playlist.php?id=28a3p0Qb08VewDYPbTC8SF&type=playlist&lang=en HTTP/1.1" 200 None
INFO:__main__:Extracted : SEWAGE | ['Kaito Shoma'] | SEWAGE
INFO:__main__:Starting yt-dlp on : SEWAGE Kaito Shoma
DEBUG:eyed3.core:Loading file: C:\Users\vboxuser\Music\SEWAGE - Kaito Shoma.mp3
DEBUG:eyed3.core:File mime-type: audio/mpeg
DEBUG:eyed3.id3.headers:Located ID3 v2 tag
DEBUG:eyed3.id3.headers:TagHeader [major]: 2 
DEBUG:eyed3.id3.headers:TagHeader [minor]: 3 
DEBUG:eyed3.id3.headers:TagHeader [rev]: 0 
DEBUG:eyed3.id3.headers:TagHeader [flags]: unsync(0) extended(0) experimental(0) footer(0)
DEBUG:eyed3.id3.headers:TagHeader [size string]: 0x00044f3a
DEBUG:eyed3.id3.headers:TagHeader [size]: 75706 (0x127ba)
DEBUG:eyed3.id3.frames:size_left: 75706
DEBUG:eyed3.id3.frames:+++++++++++++++++++++++++++++++++++++++++++++++++
DEBUG:eyed3.id3.frames:FrameSet: Reading Frame #1
DEBUG:eyed3.id3.headers:FrameHeader [start byte]: 10 (0xA)
DEBUG:eyed3.id3.headers:FrameHeader [id]: b'TXXX' (0x54585858)
DEBUG:eyed3.id3.headers:FrameHeader [data size]: 18 (0x12)
DEBUG:eyed3.id3.headers:FrameHeader [flags]: ta(0) fa(0) ro(0) co(0) en(0) gr(0) un(0) dl(0)
DEBUG:eyed3.id3.frames:FrameSet: Reading 18 (0x12) bytes of data from byte pos 20 (0x14)
DEBUG:eyed3.id3.frames:FrameSet: 18 bytes of data read
DEBUG:eyed3.id3.frames:createFrame (desc:User defined text information frame) - (2, None, None) - <class 'eyed3.id3.frames.UserTextFrame'>
DEBUG:eyed3.id3.frames:createFrame 'b'TXXX'' with class '<class 'eyed3.id3.frames.UserTextFrame'>'
DEBUG:eyed3.id3.frames:Unicode encoding: latin_1
DEBUG:eyed3.id3.frames:UserTextFrame description: major_brand
DEBUG:eyed3.id3.frames:Unicode encoding: latin_1
DEBUG:eyed3.id3.frames:UserTextFrame text: mp42
DEBUG:eyed3.id3.frames:size_left: 75678
DEBUG:eyed3.id3.frames:+++++++++++++++++++++++++++++++++++++++++++++++++
DEBUG:eyed3.id3.frames:FrameSet: Reading Frame #2
DEBUG:eyed3.id3.headers:FrameHeader [start byte]: 38 (0x26)
DEBUG:eyed3.id3.headers:FrameHeader [id]: b'TXXX' (0x54585858)
DEBUG:eyed3.id3.headers:FrameHeader [data size]: 17 (0x11)
DEBUG:eyed3.id3.headers:FrameHeader [flags]: ta(0) fa(0) ro(0) co(0) en(0) gr(0) un(0) dl(0)
DEBUG:eyed3.id3.frames:FrameSet: Reading 17 (0x11) bytes of data from byte pos 48 (0x30)
DEBUG:eyed3.id3.frames:FrameSet: 17 bytes of data read
DEBUG:eyed3.id3.frames:createFrame (desc:User defined text information frame) - (2, None, None) - <class 'eyed3.id3.frames.UserTextFrame'>
DEBUG:eyed3.id3.frames:createFrame 'b'TXXX'' with class '<class 'eyed3.id3.frames.UserTextFrame'>'
DEBUG:eyed3.id3.frames:Unicode encoding: latin_1
DEBUG:eyed3.id3.frames:UserTextFrame description: minor_version
DEBUG:eyed3.id3.frames:Unicode encoding: latin_1
DEBUG:eyed3.id3.frames:UserTextFrame text: 0
DEBUG:eyed3.id3.frames:size_left: 75651
DEBUG:eyed3.id3.frames:+++++++++++++++++++++++++++++++++++++++++++++++++
DEBUG:eyed3.id3.frames:FrameSet: Reading Frame #3
DEBUG:eyed3.id3.headers:FrameHeader [start byte]: 65 (0x41)
DEBUG:eyed3.id3.headers:FrameHeader [id]: b'TXXX' (0x54585858)
DEBUG:eyed3.id3.headers:FrameHeader [data size]: 28 (0x1C)
DEBUG:eyed3.id3.headers:FrameHeader [flags]: ta(0) fa(0) ro(0) co(0) en(0) gr(0) un(0) dl(0)
DEBUG:eyed3.id3.frames:FrameSet: Reading 28 (0x1C) bytes of data from byte pos 75 (0x4B)
DEBUG:eyed3.id3.frames:FrameSet: 28 bytes of data read
DEBUG:eyed3.id3.frames:createFrame (desc:User defined text information frame) - (2, None, None) - <class 'eyed3.id3.frames.UserTextFrame'>
DEBUG:eyed3.id3.frames:createFrame 'b'TXXX'' with class '<class 'eyed3.id3.frames.UserTextFrame'>'
DEBUG:eyed3.id3.frames:Unicode encoding: latin_1
DEBUG:eyed3.id3.frames:UserTextFrame description: compatible_brands
DEBUG:eyed3.id3.frames:Unicode encoding: latin_1
DEBUG:eyed3.id3.frames:UserTextFrame text: isommp42
DEBUG:eyed3.id3.frames:size_left: 75613
DEBUG:eyed3.id3.frames:+++++++++++++++++++++++++++++++++++++++++++++++++
DEBUG:eyed3.id3.frames:FrameSet: Reading Frame #4
DEBUG:eyed3.id3.headers:FrameHeader [start byte]: 103 (0x67)
DEBUG:eyed3.id3.headers:FrameHeader [id]: b'TSSE' (0x54535345)
DEBUG:eyed3.id3.headers:FrameHeader [data size]: 14 (0xE)
DEBUG:eyed3.id3.headers:FrameHeader [flags]: ta(0) fa(0) ro(0) co(0) en(0) gr(0) un(0) dl(0)
DEBUG:eyed3.id3.frames:FrameSet: Reading 14 (0xE) bytes of data from byte pos 113 (0x71)
DEBUG:eyed3.id3.frames:FrameSet: 14 bytes of data read
DEBUG:eyed3.id3.frames:createFrame (desc:Software/Hardware and settings used for encoding) - (2, None, None) - <class 'eyed3.id3.frames.TextFrame'>
DEBUG:eyed3.id3.frames:createFrame 'b'TSSE'' with class '<class 'eyed3.id3.frames.TextFrame'>'
DEBUG:eyed3.id3.frames:Unicode encoding: latin_1
DEBUG:eyed3.id3.frames:TextFrame text: Lavf62.3.100
DEBUG:eyed3.id3.frames:size_left: 75589
DEBUG:eyed3.id3.frames:+++++++++++++++++++++++++++++++++++++++++++++++++
DEBUG:eyed3.id3.frames:FrameSet: Reading Frame #5
DEBUG:eyed3.id3.headers:FrameHeader [start byte]: 127 (0x7F)
DEBUG:eyed3.id3.headers:FrameHeader [id]: b'APIC' (0x41504943)
DEBUG:eyed3.id3.headers:FrameHeader [data size]: 75569 (0x12731)
DEBUG:eyed3.id3.headers:FrameHeader [flags]: ta(0) fa(0) ro(0) co(0) en(0) gr(0) un(0) dl(0)
DEBUG:eyed3.id3.frames:FrameSet: Reading 75569 (0x12731) bytes of data from byte pos 137 (0x89)
DEBUG:eyed3.id3.frames:FrameSet: 75569 bytes of data read
DEBUG:eyed3.id3.frames:createFrame (desc:Attached picture) - (2, None, None) - <class 'eyed3.id3.frames.ImageFrame'>
DEBUG:eyed3.id3.frames:createFrame 'b'APIC'' with class '<class 'eyed3.id3.frames.ImageFrame'>'
DEBUG:eyed3.id3.frames:APIC frame data size: 75569
DEBUG:eyed3.id3.frames:APIC mime type: b'image/jpeg'
DEBUG:eyed3.id3.frames:Initial APIC picture type: 3
DEBUG:eyed3.id3.frames:APIC picture type: 3
DEBUG:eyed3.id3.frames:description len: 11
DEBUG:eyed3.id3.frames:image len: 75544
DEBUG:eyed3.id3.frames:Unicode encoding: latin_1
DEBUG:eyed3.id3.frames:APIC description: Album cover
DEBUG:eyed3.id3.frames:APIC image data: 75544 bytes
DEBUG:eyed3.id3.frames:size_left: 10
DEBUG:eyed3.id3.frames:FrameSet: Implied padding (size_left<minFrameSize)
DEBUG:eyed3.id3.tag:Tag contains 10 bytes of padding.
DEBUG:eyed3.mp3:mp3 header search starting @ 127c4
DEBUG:eyed3.mp3.headers:MPEG audio version: 1.0
DEBUG:eyed3.mp3.headers:MPEG audio layer: III
DEBUG:eyed3.mp3.headers:MPEG sampling frequency: 44100
DEBUG:eyed3.mp3.headers:MPEG bit rate: 320
DEBUG:eyed3.mp3.headers:MPEG channel mode: Stereo
DEBUG:eyed3.mp3.headers:MPEG channel mode extension: 0
DEBUG:eyed3.mp3.headers:MPEG CRC error protection: False
DEBUG:eyed3.mp3.headers:MPEG original: 0
DEBUG:eyed3.mp3.headers:MPEG copyright: 0
DEBUG:eyed3.mp3.headers:MPEG private bit: 0
DEBUG:eyed3.mp3.headers:MPEG padding: 0
DEBUG:eyed3.mp3.headers:MPEG emphasis: None
DEBUG:eyed3.mp3.headers:MPEG frame length: 1044
DEBUG:eyed3.mp3:mp3 header fffbe000 found at position: 0x127c4
DEBUG:eyed3.mp3.headers:b'Info' header detected @ 24
DEBUG:eyed3.mp3.headers:b'Info' header flags: 0xf
DEBUG:eyed3.mp3.headers:b'Info' numFrames: 4573
DEBUG:eyed3.mp3.headers:b'Info' numBytes: 4779362
DEBUG:eyed3.mp3.headers:b'Info' TOC (100 bytes): PRESENT
DEBUG:eyed3.id3.tag:Rendering tag version: v2.3
DEBUG:eyed3.id3.headers:Located ID3 v2 tag
DEBUG:eyed3.id3.headers:TagHeader [major]: 2 
DEBUG:eyed3.id3.headers:TagHeader [minor]: 3 
DEBUG:eyed3.id3.headers:TagHeader [rev]: 0 
DEBUG:eyed3.id3.headers:TagHeader [flags]: unsync(0) extended(0) experimental(0) footer(0)
DEBUG:eyed3.id3.headers:TagHeader [size string]: 0x00044f3a
DEBUG:eyed3.id3.headers:TagHeader [size]: 75706 (0x127ba)
DEBUG:eyed3.id3.frames:size_left: 75706
DEBUG:eyed3.id3.frames:+++++++++++++++++++++++++++++++++++++++++++++++++
DEBUG:eyed3.id3.frames:FrameSet: Reading Frame #1
DEBUG:eyed3.id3.headers:FrameHeader [start byte]: 10 (0xA)
DEBUG:eyed3.id3.headers:FrameHeader [id]: b'TXXX' (0x54585858)
DEBUG:eyed3.id3.headers:FrameHeader [data size]: 18 (0x12)
DEBUG:eyed3.id3.headers:FrameHeader [flags]: ta(0) fa(0) ro(0) co(0) en(0) gr(0) un(0) dl(0)
DEBUG:eyed3.id3.frames:FrameSet: Reading 18 (0x12) bytes of data from byte pos 20 (0x14)
DEBUG:eyed3.id3.frames:FrameSet: 18 bytes of data read
DEBUG:eyed3.id3.frames:createFrame (desc:User defined text information frame) - (2, None, None) - <class 'eyed3.id3.frames.UserTextFrame'>
DEBUG:eyed3.id3.frames:createFrame 'b'TXXX'' with class '<class 'eyed3.id3.frames.UserTextFrame'>'
DEBUG:eyed3.id3.frames:Unicode encoding: latin_1
DEBUG:eyed3.id3.frames:UserTextFrame description: major_brand
DEBUG:eyed3.id3.frames:Unicode encoding: latin_1
DEBUG:eyed3.id3.frames:UserTextFrame text: mp42
DEBUG:eyed3.id3.frames:size_left: 75678
DEBUG:eyed3.id3.frames:+++++++++++++++++++++++++++++++++++++++++++++++++
DEBUG:eyed3.id3.frames:FrameSet: Reading Frame #2
DEBUG:eyed3.id3.headers:FrameHeader [start byte]: 38 (0x26)
DEBUG:eyed3.id3.headers:FrameHeader [id]: b'TXXX' (0x54585858)
DEBUG:eyed3.id3.headers:FrameHeader [data size]: 17 (0x11)
DEBUG:eyed3.id3.headers:FrameHeader [flags]: ta(0) fa(0) ro(0) co(0) en(0) gr(0) un(0) dl(0)
DEBUG:eyed3.id3.frames:FrameSet: Reading 17 (0x11) bytes of data from byte pos 48 (0x30)
DEBUG:eyed3.id3.frames:FrameSet: 17 bytes of data read
DEBUG:eyed3.id3.frames:createFrame (desc:User defined text information frame) - (2, None, None) - <class 'eyed3.id3.frames.UserTextFrame'>
DEBUG:eyed3.id3.frames:createFrame 'b'TXXX'' with class '<class 'eyed3.id3.frames.UserTextFrame'>'
DEBUG:eyed3.id3.frames:Unicode encoding: latin_1
DEBUG:eyed3.id3.frames:UserTextFrame description: minor_version
DEBUG:eyed3.id3.frames:Unicode encoding: latin_1
DEBUG:eyed3.id3.frames:UserTextFrame text: 0
DEBUG:eyed3.id3.frames:size_left: 75651
DEBUG:eyed3.id3.frames:+++++++++++++++++++++++++++++++++++++++++++++++++
DEBUG:eyed3.id3.frames:FrameSet: Reading Frame #3
DEBUG:eyed3.id3.headers:FrameHeader [start byte]: 65 (0x41)
DEBUG:eyed3.id3.headers:FrameHeader [id]: b'TXXX' (0x54585858)
DEBUG:eyed3.id3.headers:FrameHeader [data size]: 28 (0x1C)
DEBUG:eyed3.id3.headers:FrameHeader [flags]: ta(0) fa(0) ro(0) co(0) en(0) gr(0) un(0) dl(0)
DEBUG:eyed3.id3.frames:FrameSet: Reading 28 (0x1C) bytes of data from byte pos 75 (0x4B)
DEBUG:eyed3.id3.frames:FrameSet: 28 bytes of data read
DEBUG:eyed3.id3.frames:createFrame (desc:User defined text information frame) - (2, None, None) - <class 'eyed3.id3.frames.UserTextFrame'>
DEBUG:eyed3.id3.frames:createFrame 'b'TXXX'' with class '<class 'eyed3.id3.frames.UserTextFrame'>'
DEBUG:eyed3.id3.frames:Unicode encoding: latin_1
DEBUG:eyed3.id3.frames:UserTextFrame description: compatible_brands
DEBUG:eyed3.id3.frames:Unicode encoding: latin_1
DEBUG:eyed3.id3.frames:UserTextFrame text: isommp42
DEBUG:eyed3.id3.frames:size_left: 75613
DEBUG:eyed3.id3.frames:+++++++++++++++++++++++++++++++++++++++++++++++++
DEBUG:eyed3.id3.frames:FrameSet: Reading Frame #4
DEBUG:eyed3.id3.headers:FrameHeader [start byte]: 103 (0x67)
DEBUG:eyed3.id3.headers:FrameHeader [id]: b'TSSE' (0x54535345)
DEBUG:eyed3.id3.headers:FrameHeader [data size]: 14 (0xE)
DEBUG:eyed3.id3.headers:FrameHeader [flags]: ta(0) fa(0) ro(0) co(0) en(0) gr(0) un(0) dl(0)
DEBUG:eyed3.id3.frames:FrameSet: Reading 14 (0xE) bytes of data from byte pos 113 (0x71)
DEBUG:eyed3.id3.frames:FrameSet: 14 bytes of data read
DEBUG:eyed3.id3.frames:createFrame (desc:Software/Hardware and settings used for encoding) - (2, None, None) - <class 'eyed3.id3.frames.TextFrame'>
DEBUG:eyed3.id3.frames:createFrame 'b'TSSE'' with class '<class 'eyed3.id3.frames.TextFrame'>'
DEBUG:eyed3.id3.frames:Unicode encoding: latin_1
DEBUG:eyed3.id3.frames:TextFrame text: Lavf62.3.100
DEBUG:eyed3.id3.frames:size_left: 75589
DEBUG:eyed3.id3.frames:+++++++++++++++++++++++++++++++++++++++++++++++++
DEBUG:eyed3.id3.frames:FrameSet: Reading Frame #5
DEBUG:eyed3.id3.headers:FrameHeader [start byte]: 127 (0x7F)
DEBUG:eyed3.id3.headers:FrameHeader [id]: b'APIC' (0x41504943)
DEBUG:eyed3.id3.headers:FrameHeader [data size]: 75569 (0x12731)
DEBUG:eyed3.id3.headers:FrameHeader [flags]: ta(0) fa(0) ro(0) co(0) en(0) gr(0) un(0) dl(0)
DEBUG:eyed3.id3.frames:FrameSet: Reading 75569 (0x12731) bytes of data from byte pos 137 (0x89)
DEBUG:eyed3.id3.frames:FrameSet: 75569 bytes of data read
DEBUG:eyed3.id3.frames:createFrame (desc:Attached picture) - (2, None, None) - <class 'eyed3.id3.frames.ImageFrame'>
DEBUG:eyed3.id3.frames:createFrame 'b'APIC'' with class '<class 'eyed3.id3.frames.ImageFrame'>'
DEBUG:eyed3.id3.frames:APIC frame data size: 75569
DEBUG:eyed3.id3.frames:APIC mime type: b'image/jpeg'
DEBUG:eyed3.id3.frames:Initial APIC picture type: 3
DEBUG:eyed3.id3.frames:APIC picture type: 3
DEBUG:eyed3.id3.frames:description len: 11
DEBUG:eyed3.id3.frames:image len: 75544
DEBUG:eyed3.id3.frames:Unicode encoding: latin_1
DEBUG:eyed3.id3.frames:APIC description: Album cover
DEBUG:eyed3.id3.frames:APIC image data: 75544 bytes
DEBUG:eyed3.id3.frames:size_left: 10
DEBUG:eyed3.id3.frames:FrameSet: Implied padding (size_left<minFrameSize)
DEBUG:eyed3.id3.tag:Tag contains 10 bytes of padding.
DEBUG:eyed3.id3.tag:Found current v2.x tag:
DEBUG:eyed3.id3.tag:Current tag size: 75716
DEBUG:eyed3.id3.tag:Rendering frame: b'APIC'
DEBUG:eyed3.id3.frames:_initEncoding: was=b'\x00' now=b'\x00'
DEBUG:eyed3.id3.tag:Rendered 75579 bytes
DEBUG:eyed3.id3.tag:Rendering frame: b'TALB'
DEBUG:eyed3.id3.frames:_initEncoding: was=None now=b'\x01'
DEBUG:eyed3.id3.tag:Rendered 25 bytes
DEBUG:eyed3.id3.tag:Rendering frame: b'TIT2'
DEBUG:eyed3.id3.frames:_initEncoding: was=None now=b'\x01'
DEBUG:eyed3.id3.tag:Rendered 25 bytes
DEBUG:eyed3.id3.tag:Rendering frame: b'TPE1'
DEBUG:eyed3.id3.frames:_initEncoding: was=None now=b'\x01'
DEBUG:eyed3.id3.tag:Rendered 35 bytes
DEBUG:eyed3.id3.tag:Rendering frame: b'TSSE'
DEBUG:eyed3.id3.frames:_initEncoding: was=b'\x00' now=b'\x00'
DEBUG:eyed3.id3.tag:Rendered 23 bytes
DEBUG:eyed3.id3.tag:Rendering frame: b'TXXX'
DEBUG:eyed3.id3.frames:_initEncoding: was=b'\x00' now=b'\x00'
DEBUG:eyed3.id3.tag:Rendered 27 bytes
DEBUG:eyed3.id3.tag:Rendering frame: b'TXXX'
DEBUG:eyed3.id3.frames:_initEncoding: was=b'\x00' now=b'\x00'
DEBUG:eyed3.id3.tag:Rendered 26 bytes
DEBUG:eyed3.id3.tag:Rendering frame: b'TXXX'
DEBUG:eyed3.id3.frames:_initEncoding: was=b'\x00' now=b'\x00'
DEBUG:eyed3.id3.tag:Rendered 37 bytes
DEBUG:eyed3.id3.tag:Rendered 75777 total frame bytes
DEBUG:eyed3.id3.tag:Using 256 bytes of padding
DEBUG:eyed3.id3.tag:Rendering v2.3 tag header with size 76033
DEBUG:eyed3.id3.headers:Setting tag size to 76033
DEBUG:eyed3.id3.headers:TagHeader rendered 10 bytes
DEBUG:eyed3.id3.tag:Writing 75787 bytes of tag data and 256 bytes of padding
DEBUG:eyed3.id3.tag:Seeking to beginning of audio data, byte 75716 (127c4)
DEBUG:eyed3.id3.tag:Tag write complete. Updating FileInfo state.
INFO:__main__:Extracted : Knife | ['ZillaKami'] | Knife
INFO:__main__:Starting yt-dlp on : Knife ZillaKami
DEBUG:eyed3.core:Loading file: C:\Users\vboxuser\Music\Knife - ZillaKami.mp3
DEBUG:eyed3.core:File mime-type: audio/mpeg
DEBUG:eyed3.id3.headers:Located ID3 v2 tag
DEBUG:eyed3.id3.headers:TagHeader [major]: 2 
DEBUG:eyed3.id3.headers:TagHeader [minor]: 3 
DEBUG:eyed3.id3.headers:TagHeader [rev]: 0 
DEBUG:eyed3.id3.headers:TagHeader [flags]: unsync(0) extended(0) experimental(0) footer(0)
DEBUG:eyed3.id3.headers:TagHeader [size string]: 0x00025f40
DEBUG:eyed3.id3.headers:TagHeader [size]: 44992 (0xafc0)
DEBUG:eyed3.id3.frames:size_left: 44992
DEBUG:eyed3.id3.frames:+++++++++++++++++++++++++++++++++++++++++++++++++
DEBUG:eyed3.id3.frames:FrameSet: Reading Frame #1
DEBUG:eyed3.id3.headers:FrameHeader [start byte]: 10 (0xA)
DEBUG:eyed3.id3.headers:FrameHeader [id]: b'TXXX' (0x54585858)
DEBUG:eyed3.id3.headers:FrameHeader [data size]: 18 (0x12)
DEBUG:eyed3.id3.headers:FrameHeader [flags]: ta(0) fa(0) ro(0) co(0) en(0) gr(0) un(0) dl(0)
DEBUG:eyed3.id3.frames:FrameSet: Reading 18 (0x12) bytes of data from byte pos 20 (0x14)
DEBUG:eyed3.id3.frames:FrameSet: 18 bytes of data read
DEBUG:eyed3.id3.frames:createFrame (desc:User defined text information frame) - (2, None, None) - <class 'eyed3.id3.frames.UserTextFrame'>
DEBUG:eyed3.id3.frames:createFrame 'b'TXXX'' with class '<class 'eyed3.id3.frames.UserTextFrame'>'
DEBUG:eyed3.id3.frames:Unicode encoding: latin_1
DEBUG:eyed3.id3.frames:UserTextFrame description: major_brand
DEBUG:eyed3.id3.frames:Unicode encoding: latin_1
DEBUG:eyed3.id3.frames:UserTextFrame text: mp42
DEBUG:eyed3.id3.frames:size_left: 44964
DEBUG:eyed3.id3.frames:+++++++++++++++++++++++++++++++++++++++++++++++++
DEBUG:eyed3.id3.frames:FrameSet: Reading Frame #2
DEBUG:eyed3.id3.headers:FrameHeader [start byte]: 38 (0x26)
DEBUG:eyed3.id3.headers:FrameHeader [id]: b'TXXX' (0x54585858)
DEBUG:eyed3.id3.headers:FrameHeader [data size]: 17 (0x11)
DEBUG:eyed3.id3.headers:FrameHeader [flags]: ta(0) fa(0) ro(0) co(0) en(0) gr(0) un(0) dl(0)
DEBUG:eyed3.id3.frames:FrameSet: Reading 17 (0x11) bytes of data from byte pos 48 (0x30)
DEBUG:eyed3.id3.frames:FrameSet: 17 bytes of data read
DEBUG:eyed3.id3.frames:createFrame (desc:User defined text information frame) - (2, None, None) - <class 'eyed3.id3.frames.UserTextFrame'>
DEBUG:eyed3.id3.frames:createFrame 'b'TXXX'' with class '<class 'eyed3.id3.frames.UserTextFrame'>'
DEBUG:eyed3.id3.frames:Unicode encoding: latin_1
DEBUG:eyed3.id3.frames:UserTextFrame description: minor_version
DEBUG:eyed3.id3.frames:Unicode encoding: latin_1
DEBUG:eyed3.id3.frames:UserTextFrame text: 0
DEBUG:eyed3.id3.frames:size_left: 44937
DEBUG:eyed3.id3.frames:+++++++++++++++++++++++++++++++++++++++++++++++++
DEBUG:eyed3.id3.frames:FrameSet: Reading Frame #3
DEBUG:eyed3.id3.headers:FrameHeader [start byte]: 65 (0x41)
DEBUG:eyed3.id3.headers:FrameHeader [id]: b'TXXX' (0x54585858)
DEBUG:eyed3.id3.headers:FrameHeader [data size]: 28 (0x1C)
DEBUG:eyed3.id3.headers:FrameHeader [flags]: ta(0) fa(0) ro(0) co(0) en(0) gr(0) un(0) dl(0)
DEBUG:eyed3.id3.frames:FrameSet: Reading 28 (0x1C) bytes of data from byte pos 75 (0x4B)
DEBUG:eyed3.id3.frames:FrameSet: 28 bytes of data read
DEBUG:eyed3.id3.frames:createFrame (desc:User defined text information frame) - (2, None, None) - <class 'eyed3.id3.frames.UserTextFrame'>
DEBUG:eyed3.id3.frames:createFrame 'b'TXXX'' with class '<class 'eyed3.id3.frames.UserTextFrame'>'
DEBUG:eyed3.id3.frames:Unicode encoding: latin_1
DEBUG:eyed3.id3.frames:UserTextFrame description: compatible_brands
DEBUG:eyed3.id3.frames:Unicode encoding: latin_1
DEBUG:eyed3.id3.frames:UserTextFrame text: isommp42
DEBUG:eyed3.id3.frames:size_left: 44899
DEBUG:eyed3.id3.frames:+++++++++++++++++++++++++++++++++++++++++++++++++
DEBUG:eyed3.id3.frames:FrameSet: Reading Frame #4
DEBUG:eyed3.id3.headers:FrameHeader [start byte]: 103 (0x67)
DEBUG:eyed3.id3.headers:FrameHeader [id]: b'TSSE' (0x54535345)
DEBUG:eyed3.id3.headers:FrameHeader [data size]: 14 (0xE)
DEBUG:eyed3.id3.headers:FrameHeader [flags]: ta(0) fa(0) ro(0) co(0) en(0) gr(0) un(0) dl(0)
DEBUG:eyed3.id3.frames:FrameSet: Reading 14 (0xE) bytes of data from byte pos 113 (0x71)
DEBUG:eyed3.id3.frames:FrameSet: 14 bytes of data read
DEBUG:eyed3.id3.frames:createFrame (desc:Software/Hardware and settings used for encoding) - (2, None, None) - <class 'eyed3.id3.frames.TextFrame'>
DEBUG:eyed3.id3.frames:createFrame 'b'TSSE'' with class '<class 'eyed3.id3.frames.TextFrame'>'
DEBUG:eyed3.id3.frames:Unicode encoding: latin_1
DEBUG:eyed3.id3.frames:TextFrame text: Lavf62.3.100
DEBUG:eyed3.id3.frames:size_left: 44875
DEBUG:eyed3.id3.frames:+++++++++++++++++++++++++++++++++++++++++++++++++
DEBUG:eyed3.id3.frames:FrameSet: Reading Frame #5
DEBUG:eyed3.id3.headers:FrameHeader [start byte]: 127 (0x7F)
DEBUG:eyed3.id3.headers:FrameHeader [id]: b'APIC' (0x41504943)
DEBUG:eyed3.id3.headers:FrameHeader [data size]: 44855 (0xAF37)
DEBUG:eyed3.id3.headers:FrameHeader [flags]: ta(0) fa(0) ro(0) co(0) en(0) gr(0) un(0) dl(0)
DEBUG:eyed3.id3.frames:FrameSet: Reading 44855 (0xAF37) bytes of data from byte pos 137 (0x89)
DEBUG:eyed3.id3.frames:FrameSet: 44855 bytes of data read
DEBUG:eyed3.id3.frames:createFrame (desc:Attached picture) - (2, None, None) - <class 'eyed3.id3.frames.ImageFrame'>
DEBUG:eyed3.id3.frames:createFrame 'b'APIC'' with class '<class 'eyed3.id3.frames.ImageFrame'>'
DEBUG:eyed3.id3.frames:APIC frame data size: 44855
DEBUG:eyed3.id3.frames:APIC mime type: b'image/jpeg'
DEBUG:eyed3.id3.frames:Initial APIC picture type: 3
DEBUG:eyed3.id3.frames:APIC picture type: 3
DEBUG:eyed3.id3.frames:description len: 11
DEBUG:eyed3.id3.frames:image len: 44830
DEBUG:eyed3.id3.frames:Unicode encoding: latin_1
DEBUG:eyed3.id3.frames:APIC description: Album cover
DEBUG:eyed3.id3.frames:APIC image data: 44830 bytes
DEBUG:eyed3.id3.frames:size_left: 10
DEBUG:eyed3.id3.frames:FrameSet: Implied padding (size_left<minFrameSize)
DEBUG:eyed3.id3.tag:Tag contains 10 bytes of padding.
DEBUG:eyed3.mp3:mp3 header search starting @ afca
DEBUG:eyed3.mp3.headers:MPEG audio version: 1.0
DEBUG:eyed3.mp3.headers:MPEG audio layer: III
DEBUG:eyed3.mp3.headers:MPEG sampling frequency: 44100
DEBUG:eyed3.mp3.headers:MPEG bit rate: 320
DEBUG:eyed3.mp3.headers:MPEG channel mode: Stereo
DEBUG:eyed3.mp3.headers:MPEG channel mode extension: 0
DEBUG:eyed3.mp3.headers:MPEG CRC error protection: False
DEBUG:eyed3.mp3.headers:MPEG original: 0
DEBUG:eyed3.mp3.headers:MPEG copyright: 0
DEBUG:eyed3.mp3.headers:MPEG private bit: 0
DEBUG:eyed3.mp3.headers:MPEG padding: 0
DEBUG:eyed3.mp3.headers:MPEG emphasis: None
DEBUG:eyed3.mp3.headers:MPEG frame length: 1044
DEBUG:eyed3.mp3:mp3 header fffbe000 found at position: 0xafca
DEBUG:eyed3.mp3.headers:b'Info' header detected @ 24
DEBUG:eyed3.mp3.headers:b'Info' header flags: 0xf
DEBUG:eyed3.mp3.headers:b'Info' numFrames: 5427
DEBUG:eyed3.mp3.headers:b'Info' numBytes: 5671705
DEBUG:eyed3.mp3.headers:b'Info' TOC (100 bytes): PRESENT
DEBUG:eyed3.id3.tag:Rendering tag version: v2.3
DEBUG:eyed3.id3.headers:Located ID3 v2 tag
DEBUG:eyed3.id3.headers:TagHeader [major]: 2 
DEBUG:eyed3.id3.headers:TagHeader [minor]: 3 
DEBUG:eyed3.id3.headers:TagHeader [rev]: 0 
DEBUG:eyed3.id3.headers:TagHeader [flags]: unsync(0) extended(0) experimental(0) footer(0)
DEBUG:eyed3.id3.headers:TagHeader [size string]: 0x00025f40
DEBUG:eyed3.id3.headers:TagHeader [size]: 44992 (0xafc0)
DEBUG:eyed3.id3.frames:size_left: 44992
DEBUG:eyed3.id3.frames:+++++++++++++++++++++++++++++++++++++++++++++++++
DEBUG:eyed3.id3.frames:FrameSet: Reading Frame #1
DEBUG:eyed3.id3.headers:FrameHeader [start byte]: 10 (0xA)
DEBUG:eyed3.id3.headers:FrameHeader [id]: b'TXXX' (0x54585858)
DEBUG:eyed3.id3.headers:FrameHeader [data size]: 18 (0x12)
DEBUG:eyed3.id3.headers:FrameHeader [flags]: ta(0) fa(0) ro(0) co(0) en(0) gr(0) un(0) dl(0)
DEBUG:eyed3.id3.frames:FrameSet: Reading 18 (0x12) bytes of data from byte pos 20 (0x14)
DEBUG:eyed3.id3.frames:FrameSet: 18 bytes of data read
DEBUG:eyed3.id3.frames:createFrame (desc:User defined text information frame) - (2, None, None) - <class 'eyed3.id3.frames.UserTextFrame'>
DEBUG:eyed3.id3.frames:createFrame 'b'TXXX'' with class '<class 'eyed3.id3.frames.UserTextFrame'>'
DEBUG:eyed3.id3.frames:Unicode encoding: latin_1
DEBUG:eyed3.id3.frames:UserTextFrame description: major_brand
DEBUG:eyed3.id3.frames:Unicode encoding: latin_1
DEBUG:eyed3.id3.frames:UserTextFrame text: mp42
DEBUG:eyed3.id3.frames:size_left: 44964
DEBUG:eyed3.id3.frames:+++++++++++++++++++++++++++++++++++++++++++++++++
DEBUG:eyed3.id3.frames:FrameSet: Reading Frame #2
DEBUG:eyed3.id3.headers:FrameHeader [start byte]: 38 (0x26)
DEBUG:eyed3.id3.headers:FrameHeader [id]: b'TXXX' (0x54585858)
DEBUG:eyed3.id3.headers:FrameHeader [data size]: 17 (0x11)
DEBUG:eyed3.id3.headers:FrameHeader [flags]: ta(0) fa(0) ro(0) co(0) en(0) gr(0) un(0) dl(0)
DEBUG:eyed3.id3.frames:FrameSet: Reading 17 (0x11) bytes of data from byte pos 48 (0x30)
DEBUG:eyed3.id3.frames:FrameSet: 17 bytes of data read
DEBUG:eyed3.id3.frames:createFrame (desc:User defined text information frame) - (2, None, None) - <class 'eyed3.id3.frames.UserTextFrame'>
DEBUG:eyed3.id3.frames:createFrame 'b'TXXX'' with class '<class 'eyed3.id3.frames.UserTextFrame'>'
DEBUG:eyed3.id3.frames:Unicode encoding: latin_1
DEBUG:eyed3.id3.frames:UserTextFrame description: minor_version
DEBUG:eyed3.id3.frames:Unicode encoding: latin_1
DEBUG:eyed3.id3.frames:UserTextFrame text: 0
DEBUG:eyed3.id3.frames:size_left: 44937
DEBUG:eyed3.id3.frames:+++++++++++++++++++++++++++++++++++++++++++++++++
DEBUG:eyed3.id3.frames:FrameSet: Reading Frame #3
DEBUG:eyed3.id3.headers:FrameHeader [start byte]: 65 (0x41)
DEBUG:eyed3.id3.headers:FrameHeader [id]: b'TXXX' (0x54585858)
DEBUG:eyed3.id3.headers:FrameHeader [data size]: 28 (0x1C)
DEBUG:eyed3.id3.headers:FrameHeader [flags]: ta(0) fa(0) ro(0) co(0) en(0) gr(0) un(0) dl(0)
DEBUG:eyed3.id3.frames:FrameSet: Reading 28 (0x1C) bytes of data from byte pos 75 (0x4B)
DEBUG:eyed3.id3.frames:FrameSet: 28 bytes of data read
DEBUG:eyed3.id3.frames:createFrame (desc:User defined text information frame) - (2, None, None) - <class 'eyed3.id3.frames.UserTextFrame'>
DEBUG:eyed3.id3.frames:createFrame 'b'TXXX'' with class '<class 'eyed3.id3.frames.UserTextFrame'>'
DEBUG:eyed3.id3.frames:Unicode encoding: latin_1
DEBUG:eyed3.id3.frames:UserTextFrame description: compatible_brands
DEBUG:eyed3.id3.frames:Unicode encoding: latin_1
DEBUG:eyed3.id3.frames:UserTextFrame text: isommp42
DEBUG:eyed3.id3.frames:size_left: 44899
DEBUG:eyed3.id3.frames:+++++++++++++++++++++++++++++++++++++++++++++++++
DEBUG:eyed3.id3.frames:FrameSet: Reading Frame #4
DEBUG:eyed3.id3.headers:FrameHeader [start byte]: 103 (0x67)
DEBUG:eyed3.id3.headers:FrameHeader [id]: b'TSSE' (0x54535345)
DEBUG:eyed3.id3.headers:FrameHeader [data size]: 14 (0xE)
DEBUG:eyed3.id3.headers:FrameHeader [flags]: ta(0) fa(0) ro(0) co(0) en(0) gr(0) un(0) dl(0)
DEBUG:eyed3.id3.frames:FrameSet: Reading 14 (0xE) bytes of data from byte pos 113 (0x71)
DEBUG:eyed3.id3.frames:FrameSet: 14 bytes of data read
DEBUG:eyed3.id3.frames:createFrame (desc:Software/Hardware and settings used for encoding) - (2, None, None) - <class 'eyed3.id3.frames.TextFrame'>
DEBUG:eyed3.id3.frames:createFrame 'b'TSSE'' with class '<class 'eyed3.id3.frames.TextFrame'>'
DEBUG:eyed3.id3.frames:Unicode encoding: latin_1
DEBUG:eyed3.id3.frames:TextFrame text: Lavf62.3.100
DEBUG:eyed3.id3.frames:size_left: 44875
DEBUG:eyed3.id3.frames:+++++++++++++++++++++++++++++++++++++++++++++++++
DEBUG:eyed3.id3.frames:FrameSet: Reading Frame #5
DEBUG:eyed3.id3.headers:FrameHeader [start byte]: 127 (0x7F)
DEBUG:eyed3.id3.headers:FrameHeader [id]: b'APIC' (0x41504943)
DEBUG:eyed3.id3.headers:FrameHeader [data size]: 44855 (0xAF37)
DEBUG:eyed3.id3.headers:FrameHeader [flags]: ta(0) fa(0) ro(0) co(0) en(0) gr(0) un(0) dl(0)
DEBUG:eyed3.id3.frames:FrameSet: Reading 44855 (0xAF37) bytes of data from byte pos 137 (0x89)
DEBUG:eyed3.id3.frames:FrameSet: 44855 bytes of data read
DEBUG:eyed3.id3.frames:createFrame (desc:Attached picture) - (2, None, None) - <class 'eyed3.id3.frames.ImageFrame'>
DEBUG:eyed3.id3.frames:createFrame 'b'APIC'' with class '<class 'eyed3.id3.frames.ImageFrame'>'
DEBUG:eyed3.id3.frames:APIC frame data size: 44855
DEBUG:eyed3.id3.frames:APIC mime type: b'image/jpeg'
DEBUG:eyed3.id3.frames:Initial APIC picture type: 3
DEBUG:eyed3.id3.frames:APIC picture type: 3
DEBUG:eyed3.id3.frames:description len: 11
DEBUG:eyed3.id3.frames:image len: 44830
DEBUG:eyed3.id3.frames:Unicode encoding: latin_1
DEBUG:eyed3.id3.frames:APIC description: Album cover
DEBUG:eyed3.id3.frames:APIC image data: 44830 bytes
DEBUG:eyed3.id3.frames:size_left: 10
DEBUG:eyed3.id3.frames:FrameSet: Implied padding (size_left<minFrameSize)
DEBUG:eyed3.id3.tag:Tag contains 10 bytes of padding.
DEBUG:eyed3.id3.tag:Found current v2.x tag:
DEBUG:eyed3.id3.tag:Current tag size: 45002
DEBUG:eyed3.id3.tag:Rendering frame: b'APIC'
DEBUG:eyed3.id3.frames:_initEncoding: was=b'\x00' now=b'\x00'
DEBUG:eyed3.id3.tag:Rendered 44865 bytes
DEBUG:eyed3.id3.tag:Rendering frame: b'TALB'
DEBUG:eyed3.id3.frames:_initEncoding: was=None now=b'\x01'
DEBUG:eyed3.id3.tag:Rendered 23 bytes
DEBUG:eyed3.id3.tag:Rendering frame: b'TIT2'
DEBUG:eyed3.id3.frames:_initEncoding: was=None now=b'\x01'
DEBUG:eyed3.id3.tag:Rendered 23 bytes
DEBUG:eyed3.id3.tag:Rendering frame: b'TPE1'
DEBUG:eyed3.id3.frames:_initEncoding: was=None now=b'\x01'
DEBUG:eyed3.id3.tag:Rendered 31 bytes
DEBUG:eyed3.id3.tag:Rendering frame: b'TSSE'
DEBUG:eyed3.id3.frames:_initEncoding: was=b'\x00' now=b'\x00'
DEBUG:eyed3.id3.tag:Rendered 23 bytes
DEBUG:eyed3.id3.tag:Rendering frame: b'TXXX'
DEBUG:eyed3.id3.frames:_initEncoding: was=b'\x00' now=b'\x00'
DEBUG:eyed3.id3.tag:Rendered 27 bytes
DEBUG:eyed3.id3.tag:Rendering frame: b'TXXX'
DEBUG:eyed3.id3.frames:_initEncoding: was=b'\x00' now=b'\x00'
DEBUG:eyed3.id3.tag:Rendered 26 bytes
DEBUG:eyed3.id3.tag:Rendering frame: b'TXXX'
DEBUG:eyed3.id3.frames:_initEncoding: was=b'\x00' now=b'\x00'
DEBUG:eyed3.id3.tag:Rendered 37 bytes
DEBUG:eyed3.id3.tag:Rendered 45055 total frame bytes
DEBUG:eyed3.id3.tag:Using 256 bytes of padding
DEBUG:eyed3.id3.tag:Rendering v2.3 tag header with size 45311
DEBUG:eyed3.id3.headers:Setting tag size to 45311
DEBUG:eyed3.id3.headers:TagHeader rendered 10 bytes
DEBUG:eyed3.id3.tag:Writing 45065 bytes of tag data and 256 bytes of padding
DEBUG:eyed3.id3.tag:Seeking to beginning of audio data, byte 45002 (afca)
DEBUG:eyed3.id3.tag:Tag write complete. Updating FileInfo state.
INFO:__main__:Extracted : Cube | ['Antonio Ruscito', 'Luigi Tozzi'] | Memoir EP
INFO:__main__:Starting yt-dlp on : Cube Antonio Ruscito
DEBUG:eyed3.core:Loading file: C:\Users\vboxuser\Music\Cube - Antonio Ruscito.mp3
DEBUG:eyed3.core:File mime-type: audio/mpeg
DEBUG:eyed3.id3.headers:Located ID3 v2 tag
DEBUG:eyed3.id3.headers:TagHeader [major]: 2 
DEBUG:eyed3.id3.headers:TagHeader [minor]: 3 
DEBUG:eyed3.id3.headers:TagHeader [rev]: 0 
DEBUG:eyed3.id3.headers:TagHeader [flags]: unsync(0) extended(0) experimental(0) footer(0)
DEBUG:eyed3.id3.headers:TagHeader [size string]: 0x00033a37
DEBUG:eyed3.id3.headers:TagHeader [size]: 56631 (0xdd37)
DEBUG:eyed3.id3.frames:size_left: 56631
DEBUG:eyed3.id3.frames:+++++++++++++++++++++++++++++++++++++++++++++++++
DEBUG:eyed3.id3.frames:FrameSet: Reading Frame #1
DEBUG:eyed3.id3.headers:FrameHeader [start byte]: 10 (0xA)
DEBUG:eyed3.id3.headers:FrameHeader [id]: b'TXXX' (0x54585858)
DEBUG:eyed3.id3.headers:FrameHeader [data size]: 18 (0x12)
DEBUG:eyed3.id3.headers:FrameHeader [flags]: ta(0) fa(0) ro(0) co(0) en(0) gr(0) un(0) dl(0)
DEBUG:eyed3.id3.frames:FrameSet: Reading 18 (0x12) bytes of data from byte pos 20 (0x14)
DEBUG:eyed3.id3.frames:FrameSet: 18 bytes of data read
DEBUG:eyed3.id3.frames:createFrame (desc:User defined text information frame) - (2, None, None) - <class 'eyed3.id3.frames.UserTextFrame'>
DEBUG:eyed3.id3.frames:createFrame 'b'TXXX'' with class '<class 'eyed3.id3.frames.UserTextFrame'>'
DEBUG:eyed3.id3.frames:Unicode encoding: latin_1
DEBUG:eyed3.id3.frames:UserTextFrame description: major_brand
DEBUG:eyed3.id3.frames:Unicode encoding: latin_1
DEBUG:eyed3.id3.frames:UserTextFrame text: mp42
DEBUG:eyed3.id3.frames:size_left: 56603
DEBUG:eyed3.id3.frames:+++++++++++++++++++++++++++++++++++++++++++++++++
DEBUG:eyed3.id3.frames:FrameSet: Reading Frame #2
DEBUG:eyed3.id3.headers:FrameHeader [start byte]: 38 (0x26)
DEBUG:eyed3.id3.headers:FrameHeader [id]: b'TXXX' (0x54585858)
DEBUG:eyed3.id3.headers:FrameHeader [data size]: 17 (0x11)
DEBUG:eyed3.id3.headers:FrameHeader [flags]: ta(0) fa(0) ro(0) co(0) en(0) gr(0) un(0) dl(0)
DEBUG:eyed3.id3.frames:FrameSet: Reading 17 (0x11) bytes of data from byte pos 48 (0x30)
DEBUG:eyed3.id3.frames:FrameSet: 17 bytes of data read
DEBUG:eyed3.id3.frames:createFrame (desc:User defined text information frame) - (2, None, None) - <class 'eyed3.id3.frames.UserTextFrame'>
DEBUG:eyed3.id3.frames:createFrame 'b'TXXX'' with class '<class 'eyed3.id3.frames.UserTextFrame'>'
DEBUG:eyed3.id3.frames:Unicode encoding: latin_1
DEBUG:eyed3.id3.frames:UserTextFrame description: minor_version
DEBUG:eyed3.id3.frames:Unicode encoding: latin_1
DEBUG:eyed3.id3.frames:UserTextFrame text: 0
DEBUG:eyed3.id3.frames:size_left: 56576
DEBUG:eyed3.id3.frames:+++++++++++++++++++++++++++++++++++++++++++++++++
DEBUG:eyed3.id3.frames:FrameSet: Reading Frame #3
DEBUG:eyed3.id3.headers:FrameHeader [start byte]: 65 (0x41)
DEBUG:eyed3.id3.headers:FrameHeader [id]: b'TXXX' (0x54585858)
DEBUG:eyed3.id3.headers:FrameHeader [data size]: 28 (0x1C)
DEBUG:eyed3.id3.headers:FrameHeader [flags]: ta(0) fa(0) ro(0) co(0) en(0) gr(0) un(0) dl(0)
DEBUG:eyed3.id3.frames:FrameSet: Reading 28 (0x1C) bytes of data from byte pos 75 (0x4B)
DEBUG:eyed3.id3.frames:FrameSet: 28 bytes of data read
DEBUG:eyed3.id3.frames:createFrame (desc:User defined text information frame) - (2, None, None) - <class 'eyed3.id3.frames.UserTextFrame'>
DEBUG:eyed3.id3.frames:createFrame 'b'TXXX'' with class '<class 'eyed3.id3.frames.UserTextFrame'>'
DEBUG:eyed3.id3.frames:Unicode encoding: latin_1
DEBUG:eyed3.id3.frames:UserTextFrame description: compatible_brands
DEBUG:eyed3.id3.frames:Unicode encoding: latin_1
DEBUG:eyed3.id3.frames:UserTextFrame text: isommp42
DEBUG:eyed3.id3.frames:size_left: 56538
DEBUG:eyed3.id3.frames:+++++++++++++++++++++++++++++++++++++++++++++++++
DEBUG:eyed3.id3.frames:FrameSet: Reading Frame #4
DEBUG:eyed3.id3.headers:FrameHeader [start byte]: 103 (0x67)
DEBUG:eyed3.id3.headers:FrameHeader [id]: b'TSSE' (0x54535345)
DEBUG:eyed3.id3.headers:FrameHeader [data size]: 14 (0xE)
DEBUG:eyed3.id3.headers:FrameHeader [flags]: ta(0) fa(0) ro(0) co(0) en(0) gr(0) un(0) dl(0)
DEBUG:eyed3.id3.frames:FrameSet: Reading 14 (0xE) bytes of data from byte pos 113 (0x71)
DEBUG:eyed3.id3.frames:FrameSet: 14 bytes of data read
DEBUG:eyed3.id3.frames:createFrame (desc:Software/Hardware and settings used for encoding) - (2, None, None) - <class 'eyed3.id3.frames.TextFrame'>
DEBUG:eyed3.id3.frames:createFrame 'b'TSSE'' with class '<class 'eyed3.id3.frames.TextFrame'>'
DEBUG:eyed3.id3.frames:Unicode encoding: latin_1
DEBUG:eyed3.id3.frames:TextFrame text: Lavf62.3.100
DEBUG:eyed3.id3.frames:size_left: 56514
DEBUG:eyed3.id3.frames:+++++++++++++++++++++++++++++++++++++++++++++++++
DEBUG:eyed3.id3.frames:FrameSet: Reading Frame #5
DEBUG:eyed3.id3.headers:FrameHeader [start byte]: 127 (0x7F)
DEBUG:eyed3.id3.headers:FrameHeader [id]: b'APIC' (0x41504943)
DEBUG:eyed3.id3.headers:FrameHeader [data size]: 56494 (0xDCAE)
DEBUG:eyed3.id3.headers:FrameHeader [flags]: ta(0) fa(0) ro(0) co(0) en(0) gr(0) un(0) dl(0)
DEBUG:eyed3.id3.frames:FrameSet: Reading 56494 (0xDCAE) bytes of data from byte pos 137 (0x89)
DEBUG:eyed3.id3.frames:FrameSet: 56494 bytes of data read
DEBUG:eyed3.id3.frames:createFrame (desc:Attached picture) - (2, None, None) - <class 'eyed3.id3.frames.ImageFrame'>
DEBUG:eyed3.id3.frames:createFrame 'b'APIC'' with class '<class 'eyed3.id3.frames.ImageFrame'>'
DEBUG:eyed3.id3.frames:APIC frame data size: 56494
DEBUG:eyed3.id3.frames:APIC mime type: b'image/jpeg'
DEBUG:eyed3.id3.frames:Initial APIC picture type: 3
DEBUG:eyed3.id3.frames:APIC picture type: 3
DEBUG:eyed3.id3.frames:description len: 11
DEBUG:eyed3.id3.frames:image len: 56469
DEBUG:eyed3.id3.frames:Unicode encoding: latin_1
DEBUG:eyed3.id3.frames:APIC description: Album cover
DEBUG:eyed3.id3.frames:APIC image data: 56469 bytes
DEBUG:eyed3.id3.frames:size_left: 10
DEBUG:eyed3.id3.frames:FrameSet: Implied padding (size_left<minFrameSize)
DEBUG:eyed3.id3.tag:Tag contains 10 bytes of padding.
DEBUG:eyed3.mp3:mp3 header search starting @ dd41
DEBUG:eyed3.mp3.headers:MPEG audio version: 1.0
DEBUG:eyed3.mp3.headers:MPEG audio layer: III
DEBUG:eyed3.mp3.headers:MPEG sampling frequency: 44100
DEBUG:eyed3.mp3.headers:MPEG bit rate: 320
DEBUG:eyed3.mp3.headers:MPEG channel mode: Stereo
DEBUG:eyed3.mp3.headers:MPEG channel mode extension: 0
DEBUG:eyed3.mp3.headers:MPEG CRC error protection: False
DEBUG:eyed3.mp3.headers:MPEG original: 0
DEBUG:eyed3.mp3.headers:MPEG copyright: 0
DEBUG:eyed3.mp3.headers:MPEG private bit: 0
DEBUG:eyed3.mp3.headers:MPEG padding: 0
DEBUG:eyed3.mp3.headers:MPEG emphasis: None
DEBUG:eyed3.mp3.headers:MPEG frame length: 1044
DEBUG:eyed3.mp3:mp3 header fffbe000 found at position: 0xdd41
DEBUG:eyed3.mp3.headers:b'Info' header detected @ 24
DEBUG:eyed3.mp3.headers:b'Info' header flags: 0xf
DEBUG:eyed3.mp3.headers:b'Info' numFrames: 12276
DEBUG:eyed3.mp3.headers:b'Info' numBytes: 12828211
DEBUG:eyed3.mp3.headers:b'Info' TOC (100 bytes): PRESENT
DEBUG:eyed3.id3.tag:Rendering tag version: v2.3
DEBUG:eyed3.id3.headers:Located ID3 v2 tag
DEBUG:eyed3.id3.headers:TagHeader [major]: 2 
DEBUG:eyed3.id3.headers:TagHeader [minor]: 3 
DEBUG:eyed3.id3.headers:TagHeader [rev]: 0 
DEBUG:eyed3.id3.headers:TagHeader [flags]: unsync(0) extended(0) experimental(0) footer(0)
DEBUG:eyed3.id3.headers:TagHeader [size string]: 0x00033a37
DEBUG:eyed3.id3.headers:TagHeader [size]: 56631 (0xdd37)
DEBUG:eyed3.id3.frames:size_left: 56631
DEBUG:eyed3.id3.frames:+++++++++++++++++++++++++++++++++++++++++++++++++
DEBUG:eyed3.id3.frames:FrameSet: Reading Frame #1
DEBUG:eyed3.id3.headers:FrameHeader [start byte]: 10 (0xA)
DEBUG:eyed3.id3.headers:FrameHeader [id]: b'TXXX' (0x54585858)
DEBUG:eyed3.id3.headers:FrameHeader [data size]: 18 (0x12)
DEBUG:eyed3.id3.headers:FrameHeader [flags]: ta(0) fa(0) ro(0) co(0) en(0) gr(0) un(0) dl(0)
DEBUG:eyed3.id3.frames:FrameSet: Reading 18 (0x12) bytes of data from byte pos 20 (0x14)
DEBUG:eyed3.id3.frames:FrameSet: 18 bytes of data read
DEBUG:eyed3.id3.frames:createFrame (desc:User defined text information frame) - (2, None, None) - <class 'eyed3.id3.frames.UserTextFrame'>
DEBUG:eyed3.id3.frames:createFrame 'b'TXXX'' with class '<class 'eyed3.id3.frames.UserTextFrame'>'
DEBUG:eyed3.id3.frames:Unicode encoding: latin_1
DEBUG:eyed3.id3.frames:UserTextFrame description: major_brand
DEBUG:eyed3.id3.frames:Unicode encoding: latin_1
DEBUG:eyed3.id3.frames:UserTextFrame text: mp42
DEBUG:eyed3.id3.frames:size_left: 56603
DEBUG:eyed3.id3.frames:+++++++++++++++++++++++++++++++++++++++++++++++++
DEBUG:eyed3.id3.frames:FrameSet: Reading Frame #2
DEBUG:eyed3.id3.headers:FrameHeader [start byte]: 38 (0x26)
DEBUG:eyed3.id3.headers:FrameHeader [id]: b'TXXX' (0x54585858)
DEBUG:eyed3.id3.headers:FrameHeader [data size]: 17 (0x11)
DEBUG:eyed3.id3.headers:FrameHeader [flags]: ta(0) fa(0) ro(0) co(0) en(0) gr(0) un(0) dl(0)
DEBUG:eyed3.id3.frames:FrameSet: Reading 17 (0x11) bytes of data from byte pos 48 (0x30)
DEBUG:eyed3.id3.frames:FrameSet: 17 bytes of data read
DEBUG:eyed3.id3.frames:createFrame (desc:User defined text information frame) - (2, None, None) - <class 'eyed3.id3.frames.UserTextFrame'>
DEBUG:eyed3.id3.frames:createFrame 'b'TXXX'' with class '<class 'eyed3.id3.frames.UserTextFrame'>'
DEBUG:eyed3.id3.frames:Unicode encoding: latin_1
DEBUG:eyed3.id3.frames:UserTextFrame description: minor_version
DEBUG:eyed3.id3.frames:Unicode encoding: latin_1
DEBUG:eyed3.id3.frames:UserTextFrame text: 0
DEBUG:eyed3.id3.frames:size_left: 56576
DEBUG:eyed3.id3.frames:+++++++++++++++++++++++++++++++++++++++++++++++++
DEBUG:eyed3.id3.frames:FrameSet: Reading Frame #3
DEBUG:eyed3.id3.headers:FrameHeader [start byte]: 65 (0x41)
DEBUG:eyed3.id3.headers:FrameHeader [id]: b'TXXX' (0x54585858)
DEBUG:eyed3.id3.headers:FrameHeader [data size]: 28 (0x1C)
DEBUG:eyed3.id3.headers:FrameHeader [flags]: ta(0) fa(0) ro(0) co(0) en(0) gr(0) un(0) dl(0)
DEBUG:eyed3.id3.frames:FrameSet: Reading 28 (0x1C) bytes of data from byte pos 75 (0x4B)
DEBUG:eyed3.id3.frames:FrameSet: 28 bytes of data read
DEBUG:eyed3.id3.frames:createFrame (desc:User defined text information frame) - (2, None, None) - <class 'eyed3.id3.frames.UserTextFrame'>
DEBUG:eyed3.id3.frames:createFrame 'b'TXXX'' with class '<class 'eyed3.id3.frames.UserTextFrame'>'
DEBUG:eyed3.id3.frames:Unicode encoding: latin_1
DEBUG:eyed3.id3.frames:UserTextFrame description: compatible_brands
DEBUG:eyed3.id3.frames:Unicode encoding: latin_1
DEBUG:eyed3.id3.frames:UserTextFrame text: isommp42
DEBUG:eyed3.id3.frames:size_left: 56538
DEBUG:eyed3.id3.frames:+++++++++++++++++++++++++++++++++++++++++++++++++
DEBUG:eyed3.id3.frames:FrameSet: Reading Frame #4
DEBUG:eyed3.id3.headers:FrameHeader [start byte]: 103 (0x67)
DEBUG:eyed3.id3.headers:FrameHeader [id]: b'TSSE' (0x54535345)
DEBUG:eyed3.id3.headers:FrameHeader [data size]: 14 (0xE)
DEBUG:eyed3.id3.headers:FrameHeader [flags]: ta(0) fa(0) ro(0) co(0) en(0) gr(0) un(0) dl(0)
DEBUG:eyed3.id3.frames:FrameSet: Reading 14 (0xE) bytes of data from byte pos 113 (0x71)
DEBUG:eyed3.id3.frames:FrameSet: 14 bytes of data read
DEBUG:eyed3.id3.frames:createFrame (desc:Software/Hardware and settings used for encoding) - (2, None, None) - <class 'eyed3.id3.frames.TextFrame'>
DEBUG:eyed3.id3.frames:createFrame 'b'TSSE'' with class '<class 'eyed3.id3.frames.TextFrame'>'
DEBUG:eyed3.id3.frames:Unicode encoding: latin_1
DEBUG:eyed3.id3.frames:TextFrame text: Lavf62.3.100
DEBUG:eyed3.id3.frames:size_left: 56514
DEBUG:eyed3.id3.frames:+++++++++++++++++++++++++++++++++++++++++++++++++
DEBUG:eyed3.id3.frames:FrameSet: Reading Frame #5
DEBUG:eyed3.id3.headers:FrameHeader [start byte]: 127 (0x7F)
DEBUG:eyed3.id3.headers:FrameHeader [id]: b'APIC' (0x41504943)
DEBUG:eyed3.id3.headers:FrameHeader [data size]: 56494 (0xDCAE)
DEBUG:eyed3.id3.headers:FrameHeader [flags]: ta(0) fa(0) ro(0) co(0) en(0) gr(0) un(0) dl(0)
DEBUG:eyed3.id3.frames:FrameSet: Reading 56494 (0xDCAE) bytes of data from byte pos 137 (0x89)
DEBUG:eyed3.id3.frames:FrameSet: 56494 bytes of data read
DEBUG:eyed3.id3.frames:createFrame (desc:Attached picture) - (2, None, None) - <class 'eyed3.id3.frames.ImageFrame'>
DEBUG:eyed3.id3.frames:createFrame 'b'APIC'' with class '<class 'eyed3.id3.frames.ImageFrame'>'
DEBUG:eyed3.id3.frames:APIC frame data size: 56494
DEBUG:eyed3.id3.frames:APIC mime type: b'image/jpeg'
DEBUG:eyed3.id3.frames:Initial APIC picture type: 3
DEBUG:eyed3.id3.frames:APIC picture type: 3
DEBUG:eyed3.id3.frames:description len: 11
DEBUG:eyed3.id3.frames:image len: 56469
DEBUG:eyed3.id3.frames:Unicode encoding: latin_1
DEBUG:eyed3.id3.frames:APIC description: Album cover
DEBUG:eyed3.id3.frames:APIC image data: 56469 bytes
DEBUG:eyed3.id3.frames:size_left: 10
DEBUG:eyed3.id3.frames:FrameSet: Implied padding (size_left<minFrameSize)
DEBUG:eyed3.id3.tag:Tag contains 10 bytes of padding.
DEBUG:eyed3.id3.tag:Found current v2.x tag:
DEBUG:eyed3.id3.tag:Current tag size: 56641
DEBUG:eyed3.id3.tag:Rendering frame: b'APIC'
DEBUG:eyed3.id3.frames:_initEncoding: was=b'\x00' now=b'\x00'
DEBUG:eyed3.id3.tag:Rendered 56504 bytes
DEBUG:eyed3.id3.tag:Rendering frame: b'TALB'
DEBUG:eyed3.id3.frames:_initEncoding: was=None now=b'\x01'
DEBUG:eyed3.id3.tag:Rendered 31 bytes
DEBUG:eyed3.id3.tag:Rendering frame: b'TIT2'
DEBUG:eyed3.id3.frames:_initEncoding: was=None now=b'\x01'
DEBUG:eyed3.id3.tag:Rendered 21 bytes
DEBUG:eyed3.id3.tag:Rendering frame: b'TPE1'
DEBUG:eyed3.id3.frames:_initEncoding: was=None now=b'\x01'
DEBUG:eyed3.id3.tag:Rendered 69 bytes
DEBUG:eyed3.id3.tag:Rendering frame: b'TSSE'
DEBUG:eyed3.id3.frames:_initEncoding: was=b'\x00' now=b'\x00'
DEBUG:eyed3.id3.tag:Rendered 23 bytes
DEBUG:eyed3.id3.tag:Rendering frame: b'TXXX'
DEBUG:eyed3.id3.frames:_initEncoding: was=b'\x00' now=b'\x00'
DEBUG:eyed3.id3.tag:Rendered 27 bytes
DEBUG:eyed3.id3.tag:Rendering frame: b'TXXX'
DEBUG:eyed3.id3.frames:_initEncoding: was=b'\x00' now=b'\x00'
DEBUG:eyed3.id3.tag:Rendered 26 bytes
DEBUG:eyed3.id3.tag:Rendering frame: b'TXXX'
DEBUG:eyed3.id3.frames:_initEncoding: was=b'\x00' now=b'\x00'
DEBUG:eyed3.id3.tag:Rendered 37 bytes
DEBUG:eyed3.id3.tag:Rendered 56738 total frame bytes
DEBUG:eyed3.id3.tag:Using 256 bytes of padding
DEBUG:eyed3.id3.tag:Rendering v2.3 tag header with size 56994
DEBUG:eyed3.id3.headers:Setting tag size to 56994
DEBUG:eyed3.id3.headers:TagHeader rendered 10 bytes
DEBUG:eyed3.id3.tag:Writing 56748 bytes of tag data and 256 bytes of padding
DEBUG:eyed3.id3.tag:Seeking to beginning of audio data, byte 56641 (dd41)
DEBUG:eyed3.id3.tag:Tag write complete. Updating FileInfo state.
